LeaderID,Name,Sex,BirthYear,BirthCountry,BirthCP,BirthBCC,DeathReported,MOUID_2015,KoreanName_2015,Name_2022,NameAlternative_2022,BirthString_2015,BirthDateString_2022,BirthPlaceString_2022,DeathString_2015,DeathString_2022
강관주,강관주,남성,1930.0,한반도,평남,대동군,,807.0,강관주,강관주,,1930.7.5 평남 대동군,1930년 07월 05일,평안남도 대동군,,연도미상
강능수,강능수,남성,1930.0,한반도,평양,,(사망),430.0,강능수,강능수,,1930.2.21 평양,1930년 02월 21일,평양시,,2015년 07월 01일
강동윤,강동윤,남성,,,,,,153.0,강동윤,강동윤,,,연도미상,,,연도미상
강련학,강련학,남성,1932.0,,,,(사망),542.0,강련학,강련학,강연학,1932년생,연도미상,,,2016년 10월 01일
강명철,강명철,남성,,,,,,,,강명철,,,연도미상,,,연도미상
강민철,강민철,남성,,,,,,288.0,강민철,강민철,,,1948년,,,연도미상
강봉훈,강봉훈,남성,,,,,,,,강봉훈,,,연도미상,,,연도미상
강석숭,강석숭,남성,,,,,(사망),156.0,강석숭,강석숭,,,1932년 09월 18일,평안남도 평원군,,2001년 05월
강석주,강석주,남성,1939.0,한반도,평남,평원군,(사망),394.0,강석주,강석주,,1939.8.29 평남 평원군,1939년 08월 29일,평안남도 평원군,,2016년 05월 20일
강성산,강성산,남성,,,,,(사망),146.0,강성산,강성산,,,1931년 03월 03일,함경북도 경성군,,2007년
강수린,강수린,남성,,,,,,,,강수린,,,1952년 03월 11일,,,연도미상
강순남,강순남,남성,,,,,,,,강순남,,,연도미상,,,연도미상
강양모,강양모,남성,,,,,,643.0,강양모,강양모,,,1944년 09월 01일,함경남도,,연도미상
강영섭,강영섭,남성,1931.0,한반도,평양,,(사망),148.0,강영섭,강영섭,,1931.10.15 평양,1931년 10월 15일,평양시,"조선그리스도교연맹 위원장, 조선종교인협의회 부회장, ?범민련? 북측본부 부의장, ?조국전선? 중앙위원회 위원, 최고인민회의 제12기 대의원 겸 상임위원회 위원, 평양신학원장",2012년 01월 21일
강영수,강영수,남성,,,,,,,,강영수,,,1966년 12월 07일,자강도,,연도미상
강영철,강영철,남성,,,,,,,,강영철,,,1957년,,,연도미상
강영호,강영호,남성,1948.0,,,,,541.0,강영호,강영호,,1948년생,1948년,,,연도미상
강윤석,강윤석,남성,,,,,,,,강윤석,,,연도미상,,,연도미상
강종관,강종관,남성,,,,,,781.0,강종관,강종관,,,1959년,,,연도미상
강지영,강지영,남성,1956.0,,,,,782.0,강지영,강지영,,1956년생,1956년,,,연도미상
강창욱,강창욱,남성,,,,,,412.0,강창욱,강창욱,,,연도미상,,,연도미상
강표영,강표영,남성,,,,,,,,강표영,,,1950년,,,연도미상
강하국,강하국,남성,,,,,,,,강하국,,,1952년 04월 25일,,,연도미상
강형봉,강형봉,남성,,,,,,,,강형봉,,,1957년 05월 20일,,,연도미상
계명철,계명철,미상,,,,,,,,계명철,,,연도미상,,,연도미상
계영삼,계영삼,남성,,,,,,362.0,계영삼,계영삼,,,연도미상,평안북도 정주시,,연도미상
계응태,계응태,남성,,,,,(사망),416.0,계응태,계응태,,,1925년 02월 25일,평안남도 평원군,,2016년 11월 23일
고길선,고길선,남성,,,,,,,,고길선,,,연도미상,,,연도미상
고인호,고인호,남성,,,,,,,,고인호,,,연도미상,,,연도미상
고정범,고정범,남성,,,,,,,,고정범,,,연도미상,,,연도미상
고종덕,고종덕,남성,,,,,,644.0,고종덕,고종덕,,,1936년,,,연도미상
고철만,고철만,미상,,,,,,,,고철만,,,연도미상,,,연도미상
곽범기,곽범기,남성,1939.0,,,,,365.0,곽범기,곽범기,,1939년생,1939년 11월 20일,함경남도,,연도미상
곽창식,곽창식,남성,,,,,,,,곽창식,,,연도미상,,,연도미상
구본태,구본태,남성,1946.0,일본,,,,645.0,구본태,구본태,,1946.2.7 일본,1946년 02월 07일,북한지역외 일본,,연도미상
궁석웅,궁석웅,남성,1941.0,,,,,142.0,궁석웅,궁석웅,,1941년생,1944년 08월 22일,평안남도,,연도미상
권성호,권성호,남성,,,,,,,,권성호,,,연도미상,,,연도미상
권영진,권영진,남성,,,,,,,,권영진,,,연도미상,,,연도미상
권춘학,권춘학,남성,,,,,,646.0,권춘학,권춘학,,,연도미상,,,연도미상
권혁봉,권혁봉,남성,1944.0,,,,,783.0,권혁봉,권혁봉,,1944년생,1944년,,,연도미상
권호웅,권호웅,남성,1959.0,,,,,647.0,권호웅,권호웅,,1959년생,1959년,,,연도미상
권희경,권희경,남성,1928.0,한반도,자강,강계시,(사망),426.0,권희경,권희경,,1928.2.19 자강도 강계,1928년 02월 19일,자강도 강계시,당 대외정보조사부 부장,연도미상
기광호,기광호,미상,,,,,,,,기광호,,,1957년 01월 01일,,,연도미상
김격식,김격식,남성,1940.0,,,,(사망),427.0,김격식,김격식,,1940년생,1938년 03월 11일,함경남도 정평군,,2015년 05월 10일
김경남,김경남,남성,,,,,,,,김경남,,,연도미상,,,연도미상
김경옥,김경옥,남성,,,,,,495.0,김경옥,김경옥,,,연도미상,,,연도미상
김경준,김경준,남성,,,,,,,,김경준,,,1964년 08월 09일,,,연도미상
김경호a,김경호,남성,1958.0,,,,,648.0,김경호,김경호,,1958.12.11,1958년 12월 11일,강원도,,연도미상
김경호b,김경호,남성,,,,,,649.0,김경호,김경호,,,연도미상,,,연도미상
김경희,김경희,여성,1946.0,한반도,평양,,,423.0,김경희,김경희,,1946.5.30 평양,1946년 05월 30일,평양시,,연도미상
김계관,김계관,남성,1943.0,한반도,평북,운산군,,409.0,김계관,김계관,,1943.1.6 평북 운산군,1943년 01월 06일,평안북도 운산군,,연도미상
김광린,김광린,남성,1949.0,,,,,650.0,김광린,김광린,,1949.12.13,1949년 12월 13일,,,연도미상
김광영,김광영,남성,,,,,,428.0,김광영,김광영,,,연도미상,,,연도미상
김광철a,김광철,남성,,,,,,,,김광철,,,연도미상,,,연도미상
김광철b,김광철,남성,,,,,,,,김광철,,,연도미상,,,연도미상
김광혁,김광혁,남성,,,,,,,,김광혁,,,연도미상,,,연도미상
김국태,김국태,남성,1924.0,한반도,함북,김책시,(사망),139.0,김국태,김국태,,1924.8.27 함북 김책시,1924년 08월 27일,함경북도 김책시,,2013년 12월 13일
김금철a,김금철,남성,,,,,,,,김금철,,,연도미상,,,연도미상
김금철b,김금철,남성,,,,,,,,김금철,,,연도미상,,,연도미상
김기남,김기남,남성,1929.0,한반도,함남,금야군,,417.0,김기남,김기남,,1929.8.28 함남 금야군,1929년 08월 28일,함경남도 금야군,,연도미상
김기룡,김기룡,남성,1940.0,한반도,양강,혜산시,(사망),272.0,김기룡,김기룡,김기용,1940.3.28 양강도 혜산시,1940년 03월 28일,량강도 혜산시,,연도미상
김능오,김능오,남성,,,,,,,,김능오,,,연도미상,,,연도미상
김덕훈,김덕훈,남성,1961.0,,,,,784.0,김덕훈,김덕훈,,1961년생,1961년 월 일,,,연도미상
김동선,김동선,남성,,,,,,,,김동선,,,연도미상,,,연도미상
김두일,김두일,남성,,,,,,,,김두일,,,연도미상,,,연도미상
김락겸,김락겸,남성,,,,,,,,김락겸,,,연도미상,,,연도미상
김락희,김락희,여성,1933.0,한반도,평남,개천시,(사망),252.0,김락희,김락희,,1933.11.11 평남 개천시,1933년 11월 11일,평안남도 개천시,,2013년 02월
김령성,김령성,남성,1943.0,,,,,663.0,김령성,김령성,,1943년생,1945년,함경남도,,연도미상
김류호,김류호,남성,,,,,,,,김류호,김유호,,1940년 12월 01일,,,연도미상
김만성,김만성,남성,,,,,,,,김만성,,,연도미상,,,연도미상
김만수,김만수,남성,1956.0,,,,,785.0,김만수,김만수,,1956. 9. 14,1956년 09월 14일,함경북도,,연도미상
김명국,김명국,남성,1940.0,,,,(사망),453.0,김명국,김명국,,1940년생,1940년,,,연도미상
김명길a,김명길,남성,1959.0,한반도,자강,만포시,,653.0,김명길,김명길,,1959.3.14 자강도 만포시,1959년 03월 14일,자강도 만포시,,연도미상
김명길b,김명길,남성,,,,,,,,김명길,,,연도미상,,,연도미상
김명남,김명남,남성,,,,,,,,김명남,,,연도미상,,,연도미상
김명식,김명식,남성,,,,,,,,김명식,,,연도미상,,,연도미상
김명철,김명철,남성,,,,,,,,김명철,,,연도미상,,,연도미상
김명훈,김명훈,남성,,,,,,,,김명훈,,,연도미상,,,연도미상
김병률,김병률,남성,1926.0,한반도,평북,,(사망),131.0,김병률,김병률,,1926년생 평안북도,1930년,북한지역외 중국,,2013년 11월 05일
김병팔,김병팔,남성,1934.0,한반도,함북,,,450.0,김병팔,김병팔,,1934.8.8 함북,1934년 08월 08일,함경북도,,연도미상
김병호,김병호,남성,,,,,,,,김병호,,,1960년 01월 01일,평양시,,연도미상
김병훈,김병훈,남성,1929.0,한반도,평양,,(사망),654.0,김병훈,김병훈,,1929.11.14 평양,1929년 11월 14일,함경북도,,2013년 08월
김봉영,김봉영,남성,,,,,,,,김봉영,,,연도미상,,,연도미상
김봉철,김봉철,남성,1941.0,,,,,145.0,김봉철,김봉철,,1941.5.2,1941년 05월 02일,함경남도,,연도미상
김석준,김석준,남성,1961.0,,,,,761.0,김석준,김석준,,1961년생,1961년 01월 01일,평양시,,연도미상
김성,김성,미상,,,,,,,,김성,김성,,1959년,,,연도미상
김성규,김성규,남성,,,,,(사망),128.0,김성규,김성규,,,1933년,,,2010년 08월 24일
김성기,김성기,남성,,,,,,786.0,김성기,김성기,,,1957년 08월 19일,량강도,,연도미상
김성남,김성남,남성,1953.0,,,,,787.0,김성남,김성남,,1953년생,1953년,평안북도,,연도미상
김성룡,김성룡,미상,,,,,,,,김성룡,,,연도미상,,,연도미상
김성애,김성애,여성,1924.0,한반도,평남,,(사망),125.0,김성애,김성애,,1924.12.29 평남,1924년 12월 29일,평안남도,,연도미상
김성일,김성일,남성,,,,,,,,김성일,,,연도미상,,,연도미상
김성준,김성준,남성,,,,,,,,김성준,,,연도미상,,,연도미상
김성혜,김성혜,여성,,,,,,,,김성혜,,,1965년 07월 17일,평안남도,,연도미상
김성호,김성호,미상,,,,,,,,김성호,,,연도미상,,,연도미상
김세복,김세복,미상,,,,,,,,김세복,,,연도미상,,,연도미상
김송철,김송철,남성,,,,,,,,김송철,,,연도미상,,,연도미상
김수길,김수길,남성,,,,,,,,김수길,,,1950년 01월 01일,,,연도미상
김수열,김수열,남성,1943.0,,,,,121.0,김수열,김수열,,1943.11.18,1943년 11월 18일,,,연도미상
김승두,김승두,남성,1958.0,,,,,788.0,김승두,김승두,,1958. 3. 1,1958년 03월 01일,함경남도,,연도미상
김승찬,김승찬,남성,,,,,,,,김승찬,,,연도미상,,,연도미상
김시학,김시학,남성,1932.0,한반도,평양,,,660.0,김시학,김시학,,1932.8.22 평양,1932년 08월 22일,평양시,,연도미상
김양건,김양건,남성,1942.0,한반도,평남,안주시,(사망),454.0,김양건,김양건,,1942.4.24 평남 안주시,1942년 04월 24일,평안남도 안주시,,2015년 12월 29일
김양점,김양점,남성,1944.0,,,,,662.0,김양점,김양점,,1944년생,1944년,,,연도미상
김여정,김여정,여성,,,,,,,,김여정,김여정,,1988년,평양시,,연도미상
김영남,김영남,남성,1928.0,한반도,평양,,,115.0,김영남,김영남,,1928.2.4 평양,1928년 02월 04일,평양시,,연도미상
김영녀,김영녀,미상,,,,,,,,김영녀,,,연도미상,,,연도미상
김영대,김영대,남성,1937.0,,,,,350.0,김영대,김영대,,1937.12.12,1937년 12월 12일,함경남도,,연도미상
김영숙,김영숙,여성,1942.0,한반도,평남,,,664.0,김영숙,김영숙,,1942.8.28 평남,1942년 08월 28일,평안남도,,연도미상
김영식,김영식,남성,,,,,,,,김영식,,,연도미상,,,연도미상
김영일a,김영일,남성,1947.0,한반도,평북,정주시,,351.0,김영일,김영일,,1947.3.17 평북 정주시,1947년 03월 17일,평안북도 정주시,,연도미상
김영일b,김영일,남성,1944.0,,,,,441.0,김영일,김영일,,1944.5.2,1944년 05월 02일,함경남도,,연도미상
김영재,김영재,남성,1952.0,,,,,449.0,김영재,김영재,,1952.9.7,1952년 09월 07일,강원도,,연도미상
김영주,김영주,남성,1920.0,한반도,평남,대동군,,333.0,김영주,김영주,,1920년생 평남 대동군,1920년,평안남도 대동군,,연도미상
김영철a,김영철,남성,1946.0,한반도,양강,,,334.0,김영철,김영철,,1946년생 양강도,1946년,량강도,,연도미상
김영철b,김영철,남성,,,,,,,,김영철,,,연도미상,,,연도미상
김영춘,김영춘,남성,1936.0,한반도,양강,보천군,(사망),432.0,김영춘,김영춘,,1936.3.4 양강도 보천군,1936년 03월 04일,량강도 보천군,,연도미상
김영호,김영호,남성,1952.0,,,,,349.0,김영호,김영호,,1952년생,1952년,함경북도,,연도미상
김영환,김영환,남성,,,,,,,,김영환,,,연도미상,,,연도미상
김영훈a,김영훈,미상,,,,,,,,김영훈,,,연도미상,,,연도미상
김영훈b,김영훈,미상,,,,,,,,김영훈,,,연도미상,,,연도미상
김완수a,김완수,남성,1939.0,한반도,함남,,,320.0,김완수,김완수,,1939.5.10 함남,1941년 01월 01일,함경북도,,연도미상
김용걸,김용걸,미상,,,,,,,,김용걸,,,연도미상,,,연도미상
김용광,김용광,남성,,,,,,,,김용광,,,연도미상,,,연도미상
김용선,김용선,미상,,,,,,,,김용선,,,연도미상,,,연도미상
김용수,김용수,남성,,,,,,,,김용수,,,연도미상,,,연도미상
김용순,김용순,남성,1934.0,한반도,평남,평원,(사망),319.0,김용순,김용순,,1934.7.5  평남 평원,1934년 07월 05일,평안남도 평원군,"당 중앙위 비서(대남 담당), 당 통일전선부 부장, 당 중앙위원, ?조평통? 부위원장, 북-일 우호친선협회 최고고문, 조선반핵평화위원회 위원장, 조선아시아태평양평화위원회 위원장, 최고인민회의 제11기 대의원",2003년 10월 26일
김용연,김용연,남성,,,,,(사망),,,김용연,김룡연,,1916년 01월 24일,량강도 혜산시,,2008년 03월 19일
김용주,김용주,미상,,,,,,,,김용주,,,연도미상,,,연도미상
김용진,김용진,남성,1953.0,,,,,380.0,김용진,김용진,,1953.2.23,1953년 02월 23일,,,연도미상
김용철,김용철,남성,,,,,,,,김용철,,,연도미상,,,연도미상
김웅철,김웅철,미상,,,,,,,,김웅철,,,연도미상,,,연도미상
김원균,김원균,남성,1917.0,한반도,평남,,(사망),302.0,김원균,김원균,,1917년생 평남,1917년,평안남도,"조선음악가동맹 중앙위원회 위원장, 조선민족음악위원회 위원장, 피바다가극단 총장, 최고인민회의 제10기 대의원",2002년 04월
김원홍,김원홍,남성,1945.0,,,,,352.0,김원홍,김원홍,,1945년,1945년,황해북도,,연도미상
김유일,김유일,남성,,,,,,,,김유일,,,연도미상,,,연도미상
김윤심,김윤심,남성,,,,,(사망),670.0,김윤심,김윤심,,,연도미상,,,연도미상
김윤혁a,김윤혁,남성,1926.0,한반도,평남,양덕,(사망),283.0,김윤혁,김윤혁,,1926년생 평남 양덕,1926년,평안남도 양덕군,"당 중앙위원, 최고인민회의 제11기 대의원",2006년 04월
김윤혁b,김윤혁,남성,,,,,,,,김윤혁,,,1957년,,,연도미상
김의순,김의순,남성,,,,,,282.0,김의순,김의순,,,1945년 08월 15일,,,연도미상
김익현,김익현,남성,1916.0,한반도,황북,,(사망),281.0,김익현,김익현,,1916년생(1921년說) 황북,1916년,황해북도,"당 중앙군사위 위원, 당 중앙위 위원, 최고인민회의 제11기 대의원",2009년 01월 15일
김인식,김인식,남성,,,,,,789.0,김인식,김인식,,1948.,1948년,,,연도미상
김일,김일,남성,,,,,(사망),,,김일,,,1910년 03월 20일,함경북도,,1984년 03월
김일국,김일국,남성,,,,,,,,김일국,,,연도미상,,,연도미상
김일성,김일성,남성,1912.0,한반도,평남,대동군,(사망),248.0,김일성,김일성,,1912.4.15 평남 대동군 고평면 남리,1912년 04월 15일,평안남도 대동군,"국가주석, 대원수, 당 정치국 상무위원, 당 총비서, 당 중앙위원, 당 군사위원회 위원장, 최고인민회의 제9기 대의원, 중앙인민위 수위",1994년 07월 08일
김일철a,김일철,남성,1930.0,한반도,평양,,,262.0,김일철,김일철,,1930년생 평양,1930년,평양시,,연도미상
김일철b,김일철,남성,,,,,,,,김일철,,,연도미상,,,연도미상
김재룡,김재룡,남성,,,,,,,,김재룡,김재용,,1959년,,,연도미상
김재성,김재성,남성,,,,,,,,김재성,,,연도미상,,,연도미상
김정각,김정각,남성,1941.0,한반도,평남,증산군,,369.0,김정각,김정각,,1941.7.20  평남 증산군,1941년 07월 20일,평안남도 증산군,,연도미상
김정관,김정관,남성,,,,,,,,김정관,,,연도미상,,,연도미상
김정기,김정기,남성,,,,,,672.0,김정기,김정기,,,1944년 07월 02일,,,연도미상
김정남,김정남,남성,,,,,,,,김정남,,,연도미상,,,연도미상
김정숙,김정숙,여성,1930.0,한반도,평남,대동군,,246.0,김정숙,김정숙,,1930년생 평남 대동군,1931년 01월 01일,평양시,,연도미상
김정순,김정순,여성,,,,,,,,김정순,,,연도미상,,,연도미상
김정식,김정식,남성,,,,,,,,김정식,,,연도미상,,,연도미상
김정은,김정은,남성,,,,,,496.0,김정은,김정은,,"1.8(연도미상, ’82?’83?’84년생 說이 있음)",1984년 01월 08일,,,연도미상
김정일,김정일,남성,1942.0,소련,하바로프스크,,(사망),231.0,김정일,김정일,,1942.2.16 소련 하바로프스크,1942년 02월 16일,북한지역외 소련 하바로프스크,"당 총비서, 국방위원회 위원장, 당 정치국 상무위원, 당 중앙군사위 위원장, 당 중앙위 위원, 인민군 최고사령관, 원수, 최고인민회의 제12기 대의원",2011년 12월 17일
김정임,김정임,여성,,,,,,247.0,김정임,김정임,,,1935년,,,연도미상
김정호,김정호,남성,1937.0,,,,,673.0,김정호,김정호,,1937.7.30,연도미상,,,연도미상
김조국,김조국,남성,,,,,,,,김조국,,,연도미상,,,연도미상
김중린,김중린,남성,1923.0,한반도,자강,우시군,(사망),436.0,김중린,김중린,,1923.12.7 자강도 우시군,1923년 12월 07일,자강도 우시군,"당 중앙위 비서(근로단체 담당), 당 중앙위원, 최고인민회의 제12기 대의원",2010년 04월 28일
김중협,김중협,남성,,,,,,675.0,김중협,김중협,,,1938년 01월 01일,함경남도,,연도미상
김지선,김지선,미상,,,,,,,,김지선,,,연도미상,,,연도미상
김진범,김진범,남성,1945.0,,,,,676.0,김진범,김진범,,1945.3.25,1945년 03월 25일,함경북도,,연도미상
김창광,김창광,미상,,,,,,,,김창광,,,연도미상,,,연도미상
김창남,김창남,미상,,,,,,,,김창남,,,연도미상,,,연도미상
김창도,김창도,미상,,,,,,,,김창도,,,연도미상,,,연도미상
김창룡,김창룡,남성,1944.0,,,,,678.0,김창룡,김창룡,김창용,1944년생,1944년 01월 01일,,,연도미상
김창민,김창민,미상,,,,,,,,김창민,,,연도미상,,,연도미상
김창선,김창선,남성,,,,,,,,김창선,,,연도미상,함경북도 명천군,,연도미상
김창섭,김창섭,남성,1946.0,한반도,평남,은산군,(사망),520.0,김창섭,김창섭,,1946.1.2 평남 은산군,1946년 01월 02일,평안남도 은산군,,연도미상
김창수,김창수,남성,1940.0,,,,,215.0,김창수,김창수,,1940년생,1940년 01월 01일,,,연도미상
김창식,김창식,남성,1939.0,,,,,353.0,김창식,김창식,,1939년생,연도미상,,,연도미상
김창엽,김창엽,남성,,,,,,,,김창엽,,,연도미상,,,연도미상
김천균,김천균,남성,,,,,,,,김천균,,,1960년 03월 17일,,,연도미상
김천길,김천길,미상,,,,,,,,김천길,,,연도미상,,,연도미상
김철,김철,남성,1951.0,,,,,503.0,김철,김철,,1951년생,1951년,,,연도미상
김철규,김철규,남성,,,,,,,,김철규,,,연도미상,,,연도미상
김철만,김철만,남성,1918.0,만주,,,(사망),114.0,김철만,김철만,,1918년생 만주,1920년 01월 01일,량강도,,2018년 12월 03일
김철삼,김철삼,미상,,,,,,,,김철삼,,,연도미상,,,연도미상
김철수,김철수,미상,,,,,,,,김철수,,,연도미상,,,연도미상
김춘섭,김춘섭,남성,,,,,,,,김춘섭,,,연도미상,,,연도미상
김충걸,김충걸,남성,,,,,,,,김충걸,,,연도미상,,,연도미상
김충성,김충성,남성,,,,,,,,김충성,,,연도미상,,,연도미상
김충일,김충일,남성,,,,,,,,김충일,,,연도미상,,,연도미상
김태봉,김태봉,남성,,,,,,418.0,김태봉,김태봉,,,연도미상,,,연도미상
김태종,김태종,남성,1947.0,,,,,460.0,김태종,김태종,,1947.12.12,1947년 12월 12일,,,연도미상
김평일,김평일,남성,1954.0,한반도,평양,,,112.0,김평일,김평일,,1954.8.10 평양,1954년 08월 10일,평양시,,연도미상
김평해,김평해,남성,1941.0,한반도,자강,전천군,,348.0,김평해,김평해,,1941.10.8 자강도 전천군,1941년 10월 08일,자강도 전천군,,연도미상
김풍기,김풍기,남성,1940.0,,,,,679.0,김풍기,김풍기,,1940.12.19,1940년 12월 19일,,,연도미상
김혁철,김혁철,미상,,,,,,,,김혁철,,,연도미상,,,연도미상
김현주,김현주,미상,,,,,,680.0,김현주,김현주,,,연도미상,,,연도미상
김형룡,김형룡,남성,,,,,,347.0,김형룡,김형룡,김형용,,연도미상,,,연도미상
김형식a,김형식,남성,1941.0,,,,,233.0,김형식,김형식,,1941.5.29,연도미상,,,연도미상
김형식b,김형식,남성,,,,,,,,김형식,,,연도미상,,,연도미상
김형준,김형준,남성,1949.0,,,,,234.0,김형준,김형준,,1949년생,1949년 11월 26일,함경북도,,연도미상
김호철,김호철,미상,,,,,,,,김호철,,,연도미상,,,연도미상
김희숙,김희숙,미상,,,,,,,,김희숙,,,연도미상,,,연도미상
김희영,김희영,남성,,,,,,265.0,김희영,김희영,,,연도미상,,,연도미상
김히택,김히택,남성,1935.0,,,,,461.0,김히택,김히택,,1935.4.20,1935년 04월 20일,평안남도,,연도미상
노광철,노광철,남성,,,,,,,,노광철,,,연도미상,,,연도미상
동정호,동정호,남성,1956.0,,,,,171.0,동정호,동정호,,1956년생,1956년 01월 01일,남포시,,연도미상
라동희,라동희,남성,1934.0,,,,,410.0,라동희,라동희,나동희,1934년생,1935년,,,연도미상
량만길,량만길,남성,1941.0,,,,,465.0,량만길,량만길,양만길,1941.4.16,1941년 04월 16일,평안남도,,연도미상
량원호,량원호,남성,,,,,,,,량원호,,,연도미상,,,연도미상
량정훈,량정훈,남성,,,,,,,,량정훈,,,연도미상,,,연도미상
려춘석,려춘석,남성,1930.0,한반도,평북,정주시,,420.0,려춘석,려춘석,여춘석,1930.7 평북 정주시,1930년 07월,평안북도 정주시,,연도미상
렴철성,렴철성,남성,,,,,,,,렴철성,,,연도미상,,,연도미상
렴철수,렴철수,남성,,,,,,,,렴철수,,,연도미상,,,연도미상
로두철,로두철,남성,1944.0,,,,,442.0,로두철,로두철,노두철,1944년생,1950년 01월 01일,함경남도,,연도미상
로배권,로배권,남성,1938.0,,,,,331.0,로배권,로배권,노배권,1938년생,연도미상,,,연도미상
로성실,로성실,여성,1960.0,,,,,457.0,로성실,로성실,노성실,1960년생,연도미상,황해북도,,연도미상
류미영,류미영,여성,1921.0,한반도,서울,,(사망),330.0,류미영,류미영,유미영,1921.1.7 서울,1921년 01월 07일,북한지역외 남한 서울,,2016년 11월 23일
류영선,류영선,남성,,,,,,,,류영선,유영선,,1941년,함경남도 정평군,,연도미상
류영섭,류영섭,남성,,,,,,192.0,류영섭,류영섭,유영섭,,1946년,평안북도,,연도미상
류현식,류현식,남성,,,,,,511.0,류현식,류현식,유현식,,연도미상,,,연도미상
리강선,리강선,여성,,,,,,,,리강선,,,연도미상,,,연도미상
리경식,리경식,남성,1948.0,,,,,708.0,리경식,리경식,이경식,1948.9,1948년 09월,평안남도,,연도미상
리경철,리경철,미상,,,,,,,,리경철,이경철,,연도미상,,,연도미상
리광곤,리광곤,남성,,,,,,193.0,리광곤,리광곤,이광곤,,연도미상,,,연도미상
리광근,리광근,남성,1953.0,한반도,평양,,,329.0,리광근,리광근,이광근,1953.12.14 평양,1954년,함경남도,,연도미상
리광철,리광철,남성,,,,,,,,리광철,,,연도미상,,,연도미상
리광호,리광호,남성,,,,,(사망),,,리광호,이광호,,1958년 09월 24일,,,2009년 06월 26일
리국철,리국철,남성,,,,,,,,리국철,,,연도미상,,,연도미상
리근,리근,남성,1946.0,,,,,710.0,리근,리근,이근,1946년생,1946년 07월 07일,함경남도,,연도미상
리길성,리길성,남성,,,,,,,,리길성,,,연도미상,,,연도미상
리길송,리길송,남성,1923.0,한반도,함남,,,712.0,리길송,리길송,이길송,1923년생 함남,1923년,함경남도,,연도미상
리길춘,리길춘,미상,1955.0,,,,,790.0,리길춘,리길춘,이길춘,1955년생,연도미상,,,연도미상
리동호,리동호,남성,1939.0,,,,,713.0,리동호,리동호,이동호,1939.5.8,1939년 05월 08일,함경남도,,연도미상
리두성,리두성,남성,,,,,,,,리두성,,,연도미상,,,연도미상
리득남,리득남,남성,,,,,,,,리득남,이득남,,연도미상,,,연도미상
리룡남,리룡남,남성,,,,,,379.0,리룡남,리룡남,이룡남,,1960년 08월 08일,평양시,,연도미상
리룡하,리룡하,미상,1947.0,,,,(사망),791.0,리룡하,리룡하,이룡하,1947년생,연도미상,함경북도,,2013년 11월
리만건,리만건,남성,,,,,,544.0,리만건,리만건,이만건,,1945년 01월 01일,평안남도,,연도미상
리명길,리명길,남성,,,,,,512.0,리명길,리명길,이명길,,1963년 01월 01일,,,연도미상
리명산,리명산,남성,,,,,,714.0,리명산,리명산,이명산,,연도미상,자강도,,연도미상
리명수,리명수,남성,1937.0,,,,,361.0,리명수,리명수,이명수,1937년생,1934년 02월 20일,함경북도 명천군,,연도미상
리무영,리무영,남성,1948.0,,,,,297.0,리무영,리무영,이무영,1948.4.8,1948년 04월 08일,남포시,,연도미상
리병삼,리병삼,남성,,,,,,298.0,리병삼,리병삼,이병삼,,1943년,평안남도,,연도미상
리병철,리병철,남성,,,,,,378.0,리병철,리병철,이병철,,1948년,,,연도미상
리봉죽,리봉죽,남성,,,,,,715.0,리봉죽,리봉죽,이봉죽,,1940년 01월 01일,,,연도미상
리상관,리상관,남성,,,,,,716.0,리상관,리상관,이상관,,연도미상,,,연도미상
리상원,리상원,남성,,,,,,,,리상원,이상원,,1951년,,,연도미상
리선권,리선권,남성,,,,,,,,리선권,,,연도미상,,,연도미상
리설주,리설주,여성,,,,,,,,리설주,이설주,,1989년,,,연도미상
리성국a,리성국,남성,,,,,(사망),,,리성국,,,연도미상,,,연도미상
리성국b,리성국,남성,,,,,,,,리성국,,,연도미상,,,연도미상
리성학,리성학,남성,,,,,,,,리성학,,,연도미상,,,연도미상
리성호,리성호,남성,,,,,,792.0,리성호,리성호,이성호,,1963년 06월 21일,량강도,,연도미상
리수용,리수용,남성,1935.0,,,,,717.0,리수용,리수용,이수용,1935년생,1935년,함경남도,,연도미상
리승호,리승호,남성,1948.0,,,,(사망),793.0,리승호,리승호,이승호,1948.5.17,연도미상,,,2014년 08월 10일
리영길,리영길,남성,,,,,,,,리영길,이영길,,1955년,,,연도미상
리영래,리영래,남성,,,,,,,,리영래,리영래,,연도미상,,,연도미상
리영수,리영수,남성,1946.0,,,,,501.0,리영수,리영수,이영수,1946년생,1949년,량강도,,연도미상
리영용,리영용,남성,,,,,,,,리영용,이영용,,1955년 02월 25일,,,연도미상
리영익,리영익,미상,,,,,,,,리영익,,,연도미상,,,연도미상
리영호,리영호,남성,1942.0,한반도,강원,통천군,,393.0,리영호,리영호,이영호,1942.10.5 강원도 통천군,1942년 10월 05일,강원도 통천군,,연도미상
리용무,리용무,남성,1925.0,한반도,평남,평성시,(사망),277.0,리용무,리용무,이용무,1925.1.25 평남 평성시,1925년 01월 25일,평안남도 평성시,,2022년 01월 27일
리용선,리용선,남성,1953.0,,,,,601.0,리용선,리용선,이용선,1953.9.13,1953년 09월 13일,,,연도미상
리용주,리용주,남성,,,,,,,,리용주,이용주,,연도미상,,,연도미상
리용철a,리용철,남성,,,,,(사망),384.0,리용철,리용철,이용철,,1929년 03월 24일,,,2010년 04월
리용철b,리용철,남성,,,,,,602.0,리용철,리용철,이용철,,1967년,평양시 보통강구역,,연도미상
리용호,리용호,남성,1956.0,,,,,513.0,리용호,리용호,이용호,1956년생,1956년 07월 10일,평양시,,연도미상
리원일,리원일,남성,,,,,,603.0,리원일,리원일,이원일,,1952년,,,연도미상
리을설,리을설,남성,1921.0,한반도,함북,청진시,(사망),258.0,리을설,리을설,이을설,1921년생 함북 청진시,1921년,함경북도 청진시,,2015년 11월 07일
리일환,리일환,남성,,,,,,,,리일환,이일환,,1960년,평양시,,연도미상
리자방,리자방,남성,,,,,,505.0,리자방,리자방,이자방,,연도미상,,,연도미상
리재남,리재남,남성,,,,,,,,리재남,,,연도미상,,,연도미상
리재일,리재일,남성,1935.0,,,,(사망),448.0,리재일,리재일,이재일,1935년생,1934년,평양시,,2021년 02월 04일
리정남,리정남,남성,,,,,,,,리정남,,,연도미상,,,연도미상
리제강,리제강,남성,,,,,(사망),245.0,리제강,리제강,이제강,,1930년,,,2010년 06월 02일
리제선,리제선,남성,1938.0,,,,,604.0,리제선,리제선,이제선,1938년생,1941년,함경북도,,연도미상
리종국,리종국,남성,,,,,,794.0,리종국,리종국,이종국,,1954년,강원도,,연도미상
리종무,리종무,남성,,,,,,,,리종무,이종무,,1949년 02월 16일,,,연도미상
리종산,리종산,남성,1922.0,중국,,,(사망),605.0,리종산,리종산,이종산,1922년생 중국,1922년,북한지역외 중국,"인민군 차수, 최고인민회의 제12기 대의원, 조선반제투사노병 위원회 위원장",2011년 07월
리종식,리종식,미상,,,,,,,,리종식,,,연도미상,,,연도미상
리종옥,리종옥,남성,,,,,(사망),408.0,리종옥,리종옥,이종옥,,1916년 01월 10일,함경북도 김책시,,1999년 09월 23일
리종혁,리종혁,남성,1936.0,한반도,강원,,,363.0,리종혁,리종혁,이종혁,1936.10.30 강원,1936년 10월 30일,강원도,,연도미상
리주오,리주오,남성,1956.0,,,,,606.0,리주오,리주오,이주오,1956년생,1956년,,,연도미상
리찬복,리찬복,남성,1935.0,한반도,평남,,,607.0,리찬복,리찬복,이찬복,"1935년생, 평안남도",1935년,,,연도미상
리철만,리철만,남성,,,,,,795.0,리철만,리철만,이철만,,1968년,,,연도미상
리철산,리철산,남성,,,,,,,,리철산,,,연도미상,,,연도미상
리철진,리철진,남성,,,,,,,,리철진,,,연도미상,,,연도미상
리춘삼,리춘삼,남성,,,,,,,,리춘삼,,,1955년 10월 20일,,,연도미상
리충길,리충길,미상,,,,,,,,리충길,,,연도미상,,,연도미상
리태남,리태남,남성,1938.0,한반도,평북,염주군,(사망),212.0,리태남,리태남,이태남,1938.3.26 평북 염주군,1938년 03월 26일,평안북도 염주군,,연도미상
리태섭,리태섭,남성,,,,,,,,리태섭,,,연도미상,,,연도미상
리태일,리태일,남성,,,,,,,,리태일,,,연도미상,,,연도미상
리태철,리태철,남성,1947.0,,,,,796.0,리태철,리태철,이태철,1947년생,1947년,,,연도미상
리택건,리택건,남성,,,,,,,,리택건,,,1962년,,,연도미상
리하일,리하일,남성,1935.0,한반도,양강,,,368.0,리하일,리하일,이하일,1935년생 양강도,1935년,량강도,,연도미상
리학철,리학철,남성,,,,,,,,리학철,이학철,,연도미상,,,연도미상
리혁권,리혁권,남성,,,,,,,,리혁권,,,연도미상,,,연도미상
리현,리현,남성,,,,,,,,리현,,,1966년 08월 09일,,,연도미상
리형근,리형근,남성,,,,,,,,리형근,,,연도미상,,,연도미상
리혜정,리혜정,여성,,,,,,,,리혜정,,,연도미상,,,연도미상
리호림,리호림,미상,,,,,,,,리호림,,,연도미상,,,연도미상
리히용,리히용,남성,,,,,,,,리히용,,,연도미상,,,연도미상
림경만,림경만,남성,1946.0,,,,,197.0,림경만,림경만,임경만,1946.8.28,1946년 08월 28일,평안남도,,연도미상
림광일,림광일,남성,,,,,,,,림광일,,,1965년,,,연도미상
림남수,림남수,미상,1948.0,,,,,797.0,림남수,림남수,임남수,1948년생,연도미상,,,연도미상
림동옥,림동옥,남성,,,,,(사망),211.0,림동옥,림동옥,임동옥,,1936년,평안북도,,2006년 08월 20일
림상종,림상종,남성,,,,,(사망),110.0,림상종,림상종,임상종,,1927년 09월 01일,,,2007년 10월
림준길,림준길,미상,,,,,,,,림준길,임준길,,연도미상,,,연도미상
마원춘,마원춘,남성,,,,,,,,마원춘,,,1956년 06월 30일,,,연도미상
마종선,마종선,남성,,,,,,,,마종선,,,연도미상,,,연도미상
맹경일,맹경일,남성,1963.0,,,,,160.0,맹경일,맹경일,,1963.4.21,1963년 04월 21일,,,연도미상
문경덕,문경덕,남성,1957.0,한반도,평양,,,498.0,문경덕,문경덕,,1957.10.12 평양,1957년 10월 12일,평양시,,연도미상
문명학,문명학,남성,,,,,,370.0,문명학,문명학,,,연도미상,,,연도미상
문응조,문응조,남성,1949.0,,,,,383.0,문응조,문응조,,1949.10.21,1949년 10월 21일,평안남도,,연도미상
문재덕,문재덕,남성,1945.0,한반도,평양,,,681.0,문재덕,문재덕,,1945.7.4 평양,1945년 07월 04일,함경남도,,연도미상
문재철,문재철,남성,1946.0,,,,,155.0,문재철,문재철,,1946.3.24,1946년 03월 24일,강원도,,연도미상
문철,문철,남성,,,,,,,,문철,,,연도미상,,,연도미상
박경삼,박경삼,남성,,,,,,682.0,박경삼,박경삼,,,연도미상,,,연도미상
박경선,박경선,남성,1942.0,한반도,함북,나진,,151.0,박경선,박경선,,1942.9.29 함북 나진,1942년 09월 29일,함경북도,,연도미상
박경철,박경철,남성,1959.0,,,,,683.0,박경철,박경철,,1959년생,1959년 01월 01일,강원도,,연도미상
박관오,박관오,남성,1929.0,한반도,자강,성간군,,107.0,박관오,박관오,,1929년생 자강도 성간군,1932년,,,연도미상
박광식,박광식,미상,,,,,,,,박광식,,,연도미상,,,연도미상
박광웅,박광웅,미상,,,,,,,,박광웅,,,연도미상,,,연도미상
박광호,박광호,남성,,,,,,,,박광호,,,연도미상,,,연도미상
박금희,박금희,미상,,,,,,,,박금희,,,연도미상,,,연도미상
박기서,박기서,남성,,,,,(사망),342.0,박기서,박기서,,,1929년,,,2010년 01월 05일
박길연,박길연,남성,1943.0,한반도,자강,,,166.0,박길연,박길연,,1943.1.26 자강도,1943년 01월 26일,자강도,,연도미상
박도춘,박도춘,남성,1944.0,한반도,자강,낭림군,,344.0,박도춘,박도춘,,1944.3.9 자강도 낭림군,1944년 03월 09일,자강도 낭림군,,연도미상
박림수,박림수,남성,1950.0,,,,,341.0,박림수,박림수,,1950.11.8,1950년 11월 08일,,,연도미상
박만호,박만호,남성,,,,,,,,박만호,,,연도미상,,,연도미상
박명국,박명국,남성,1954.0,,,,,686.0,박명국,박명국,,1954년생,1956년 06월 01일,평안북도,,연도미상
박명선,박명선,여성,1943.0,,,,,396.0,박명선,박명선,,1943.6.15,1943년 06월 15일,평양시,,연도미상
박명순,박명순,여성,,,,,,,,박명순,,,연도미상,,,연도미상
박명철a,박명철,남성,1941.0,한반도,평북,의주군,,424.0,박명철,박명철,,1941.9.15 평북 의주군,1941년 09월 15일,평양시,,연도미상
박명철b,박명철,남성,,,,,,,,박명철,,,연도미상,,,연도미상
박봉주,박봉주,남성,1940.0,,,,,328.0,박봉주,박봉주,,1940년생,1939년 04월 10일,함경북도 김책시,,연도미상
박성철a,박성철,남성,,,,,(사망),326.0,박성철,박성철,,,1913년 09월 02일,북한지역외 남한 경북 경주,,2009년 10월 29일
박성철b,박성철,남성,,,,,,,,박성철,,,연도미상,,,연도미상
박송남,박송남,남성,,,,,,687.0,박송남,박송남,,,연도미상,,,연도미상
박송봉,박송봉,남성,,,,,(사망),313.0,박송봉,박송봉,,,1932년,북한지역외 중국 연길,,2001년 02월
박수길,박수길,남성,,,,,,314.0,박수길,박수길,,,1947년,평안남도,,연도미상
박수일,박수일,남성,,,,,,,,박수일,,,연도미상,,,연도미상
박순희,박순희,여성,1955.0,,,,,688.0,박순희,박순희,,1955.12.24,1955년 12월 24일,,,연도미상
박승원,박승원,남성,1946.0,,,,,360.0,박승원,박승원,,1946.11,1946년 11월,,,연도미상
박영식,박영식,남성,,,,,,,,박영식,,,연도미상,,,연도미상
박영호,박영호,남성,,,,,,,,박영호,,,연도미상,,,연도미상
박용석,박용석,남성,,,,,(사망),312.0,박용석,박용석,,,1928년,함경북도,,2007년 03월
박용일,박용일,남성,1966.0,,,,,689.0,박용일,박용일,,1966년생,1966년,,,연도미상
박용팔,박용팔,남성,1968.0,,,,,267.0,박용팔,박용팔,,1968년생,1968년,,,연도미상
박의춘,박의춘,남성,1932.0,,,,,434.0,박의춘,박의춘,,1932.8.15,1935년 01월 01일,함경남도,,연도미상
박인철,박인철,남성,,,,,,,,박인철,,,연도미상,,,연도미상
박재경,박재경,남성,1933.0,한반도,함북,,,452.0,박재경,박재경,,1933.6.10 함북,1933년 06월 10일,함경북도,,연도미상
박정근,박정근,남성,,,,,,,,박정근,,,연도미상,,,연도미상
박정남,박정남,남성,,,,,,,,박정남,,,연도미상,,,연도미상
박정순,박정순,남성,1928.0,한반도,평남,평원,(사망),499.0,박정순,박정순,,1928.7.1 평남 평원,1928년 07월 01일,평안남도 평원군,,2011년 01월 22일
박정천,박정천,남성,,,,,,,,박정천,,,연도미상,,,연도미상
박지민,박지민,미상,,,,,,,,박지민,,,연도미상,,,연도미상
박진식,박진식,남성,1948.0,,,,,691.0,박진식,박진식,,1948년생,1948년 01월 01일,함경남도,,연도미상
박창호,박창호,남성,,,,,,,,박창호,,,연도미상,,,연도미상
박철민,박철민,남성,,,,,,,,박철민,,,연도미상,,,연도미상
박춘남,박춘남,남성,,,,,,,,박춘남,,,연도미상,,,연도미상
박태덕,박태덕,남성,1955.0,,,,,507.0,박태덕,박태덕,,1955년생,1955년,,,연도미상
박태성,박태성,남성,,,,,,,,박태성,,,1955년 09월 14일,,,연도미상
박태원,박태원,남성,,,,,,345.0,박태원,박태원,,,연도미상,,,연도미상
박태화,박태화,남성,,,,,(사망),293.0,박태화,박태화,,,1919년 10월 15일,함경북도,,2005년 11월
박혁철,박혁철,남성,,,,,,,,박혁철,,,연도미상,,,연도미상
박형렬,박형렬,남성,,,,,,,,박형렬,,,연도미상,,,연도미상
박호영,박호영,남성,1953.0,,,,,694.0,박호영,박호영,,1953년생,1953년,평양시,,연도미상
박훈,박훈,남성,,,,,,,,박훈,박훈,,연도미상,,,연도미상
방강수,방강수,남성,1958.0,,,,,695.0,방강수,방강수,,1958.9.24,1958년 09월 24일,평양시,,연도미상
배달준,배달준,남성,1936.0,,,,,266.0,배달준,배달준,,1936년생,1936년,,,연도미상
백계룡,백계룡,남성,1945.0,,,,,508.0,백계룡,백계룡,백계용,1945년생,1948년 01월 01일,,,연도미상
백남순,백남순,남성,,,,,(사망),276.0,백남순,백남순,,,1929년 03월 13일,량강도,,2007년 01월 03일
백룡천,백룡천,남성,1962.0,,,,,698.0,백룡천,백룡천,백룡천,1962년생,1962년,평양시,,연도미상
백세봉,백세봉,남성,1938.0,,,,,223.0,백세봉,백세봉,,1938년생,1938년,,,2013년 10월
백용호,백용호,남성,1945.0,,,,,543.0,백용호,백용호,,1945년생,1947년,함경남도,,연도미상
백인준,백인준,남성,,,,,(사망),274.0,백인준,백인준,,,1920년 10월 20일,평안북도 운산군,,1999년 01월 20일
백학림,백학림,남성,,,,,(사망),275.0,백학림,백학림,,,1918년 10월,평안남도 평원군,,2006년 10월 05일
변영립,변영립,남성,1929.0,한반도,황남,재령군,(사망),458.0,변영립,변영립,,1929.9.20 황남 재령군,1929년,,,연도미상
변인선,변인선,남성,1946.0,,,,,798.0,변인선,변인선,,1946년생,1946년,,,연도미상
서종진,서종진,남성,,,,,,,,서종진,,,연도미상,,,연도미상
서창룡,서창룡,남성,,,,,,,,서창룡,,,연도미상,,,연도미상
서호원,서호원,남성,,,,,,,,서호원,,,연도미상,,,연도미상
서홍찬,서홍찬,남성,,,,,,,,서홍찬,,,연도미상,,,연도미상
성자립,성자립,남성,1948.0,,,,,291.0,성자립,성자립,,1948.10.11,1948년 10월 11일,,,연도미상
손광호,손광호,남성,,,,,,,,손광호,,,1960년 10월 24일,,,연도미상
손영훈,손영훈,남성,,,,,,,,손영훈,,,연도미상,,,연도미상
손철주,손철주,남성,,,,,,,,손철주,,,연도미상,,,연도미상
송승철,송승철,남성,,,,,,,,송승철,,,연도미상,,,연도미상
송일호,송일호,남성,1954.0,한반도,평양,,,702.0,송일호,송일호,,1954.4.4 평양,1954년 04월 04일,평양시,,연도미상
송춘섭,송춘섭,남성,,,,,,,,송춘섭,,,연도미상,,,연도미상
송호경,송호경,남성,,,,,(사망),256.0,송호경,송호경,,,1940년 02월 03일,평안남도,,2004년 09월 19일
승정규,승정규,남성,,,,,,,,승정규,,,연도미상,,,연도미상
신룡만,신룡만,남성,,,,,,,,신룡만,,,연도미상,,,연도미상
신만균,신만균,남성,,,,,,,,신만균,,,연도미상,,,연도미상
신병철,신병철,남성,1945.0,,,,,703.0,신병철,신병철,,1945년생,1946년 01월 01일,황해남도,,연도미상
신선호,신선호,남성,1948.0,한반도,황남,,,381.0,신선호,신선호,,1948.7.5 황남,1948년 07월 05일,황해남도,,연도미상
신영철,신영철,남성,,,,,,,,신영철,,,1959년,,,연도미상
신창일,신창일,남성,,,,,,,,신창일,,,연도미상,,,연도미상
심국룡,심국룡,남성,,,,,,,,심국룡,,,연도미상,,,연도미상
심상진,심상진,남성,1944.0,한반도,양강,,,118.0,심상진,심상진,,1944.11.5 양강도,1944년 11월 05일,량강도,,연도미상
심영학,심영학,미상,,,,,,,,심영학,,,연도미상,,,연도미상
심철호,심철호,남성,,,,,,799.0,심철호,심철호,,,1960년,,,연도미상
안경호,안경호,남성,1930.0,한반도,강원,,(사망),464.0,안경호,안경호,,1930.1.18 강원,1930년 01월 18일,강원도,,연도미상
안극태,안극태,남성,,,,,,429.0,안극태,안극태,,,1935년,,,연도미상
안금철,안금철,남성,,,,,,,,안금철,,,연도미상,,,연도미상
안동춘,안동춘,남성,,,,,,268.0,안동춘,안동춘,,,1945년,,,연도미상
안정수,안정수,남성,1951.0,,,,,504.0,안정수,안정수,,1951년생,1948년 01월 01일,,,연도미상
안지용,안지용,남성,,,,,,,,안지용,,,연도미상,,,연도미상
양승호,양승호,남성,,,,,,,,양승호,,,연도미상,,,연도미상
양형섭,양형섭,남성,1925.0,한반도,함남,함흥시,,242.0,양형섭,양형섭,,1925.10.1 함남 함흥시,1925년 10월 01일,함경남도,,연도미상
엄정철,엄정철,미상,,,,,,,,엄정철,,,연도미상,,,연도미상
여원구,여원구,여성,,,,,(사망),,,여원구,려원구,,1928년 11월 05일,북한지역외 남한 서울 종로,,2009년 07월 30일
연형묵,연형묵,남성,,,,,(사망),492.0,연형묵,연형묵,,,1931년 11월 03일,함경북도 경원군(새별군),,2005년 10월 22일
오경룡,오경룡,남성,,,,,,,,오경룡,,,연도미상,,,연도미상
오경석,오경석,남성,,,,,,,,오경석,,,연도미상,,,연도미상
오극렬,오극렬,남성,1931.0,중국,지린,,,159.0,오극렬,오극렬,,1931년생 중국 지린,1930년 01월 07일,함경북도 온성군,,연도미상
오금철,오금철,남성,1947.0,한반도,평양,,,419.0,오금철,오금철,,1947.2.24 평양,1947년 02월 24일,평양시,,연도미상
오동일,오동일,남성,,,,,,,,오동일,,,연도미상,,,연도미상
오수용,오수용,남성,1944.0,,,,,119.0,오수용,오수용,오수용,1944년생,1947년,,,연도미상
오응창,오응창,남성,,,,,,421.0,오응창,오응창,,,연도미상,,,연도미상
오일정,오일정,남성,1944.0,,,,,502.0,오일정,오일정,,1944년생,1954년,평양시,,연도미상
오진우,오진우,남성,,,,,(사망),221.0,오진우,오진우,,,1917년 03월 09일,함경남도 북청군,,1995년 02월 25일
오춘복,오춘복,여성,,,,,,,,오춘복,,,연도미상,,,연도미상
왕창욱,왕창욱,남성,,,,,,,,왕창욱,,,연도미상,,,연도미상
우동측,우동측,남성,1942.0,한반도,평남,평원군,,462.0,우동측,우동측,,1942.8.8 평남 평원군,1942년 08월 08일,,,연도미상
우상철,우상철,남성,,,,,,,,우상철,,,연도미상,,,연도미상
원길우,원길우,남성,,,,,,,,원길우,,,1962년 04월 07일,,,연도미상
원도희,원도희,남성,1949.0,,,,,800.0,원도희,원도희,,1949년생,1949년 01월 01일,량강도,,연도미상
원동연,원동연,남성,1947.0,,,,,463.0,원동연,원동연,,1947년생,1947년,함경북도,,연도미상
원응희,원응희,남성,1939.0,,,,(사망),105.0,원응희,원응희,,1939년생(1936년說),1939년,,"보위사령관, 인민군 대장, 당 중앙위 위원",2004년 05월 15일
위성일,위성일,남성,,,,,,,,위성일,,,연도미상,,,연도미상
유진,유진,남성,,,,,,,,유진,유진,,연도미상,,,연도미상
유철우,유철우,남성,,,,,,,,유철우,,,연도미상,,,연도미상
윤기정,윤기정,여성,,,,,(사망),103.0,윤기정,윤기정,,,1928년 12월 15일,북한지역외 남한 서울,,2010년 08월 13일
윤동현,윤동현,남성,,,,,,,,윤동현,,,연도미상,,,연도미상
윤영식,윤영식,남성,,,,,,,,윤영식,,,연도미상,,,연도미상
윤정린,윤정린,남성,,,,,,447.0,윤정린,윤정린,,,1938년,,,연도미상
윤정호,윤정호,남성,,,,,,,,윤정호,,,연도미상,,,연도미상
이동석,이동석,남성,,,,,,,,이동석,,,연도미상,,,연도미상
임경재,임경재,남성,,,,,,,,임경재,,,연도미상,,,연도미상
임철웅,임철웅,남성,,,,,,,,임철웅,,,1961년 10월 27일,,,연도미상
임출웅,임출웅,남성,,,,,,,,임출웅,,,연도미상,,,연도미상
임훈,임훈,미상,,,,,,,,임훈,,,연도미상,,,연도미상
자성남,자성남,남성,1954.0,,,,,609.0,자성남,자성남,,1954.3,1954년 03월 28일,,,연도미상
장경일,장경일,남성,,,,,,,,장경일,,,연도미상,,,연도미상
장광봉,장광봉,남성,,,,,,,,장광봉,,,연도미상,,,연도미상
장금철,장금철,남성,,,,,,,,장금철,,,연도미상,,,연도미상
장기호,장기호,남성,,,,,,,,장기호,,,연도미상,,,연도미상
장길룡,장길룡,남성,,,,,,,,장길룡,,,연도미상,,,연도미상
장길성,장길성,남성,,,,,,,,장길성,,,연도미상,,,연도미상
장병규,장병규,남성,,,,,,514.0,장병규,장병규,,,1920년,,,연도미상
장성길,장성길,남성,1939.0,한반도,평양,,(사망),104.0,장성길,장성길,,"1939.1.13, 평양",1939년 01월 13일,평양시,"820전차군단 정치위원, 인민군 중장",2006년 07월
장성우,장성우,남성,,,,,(사망),172.0,장성우,장성우,,,1933년 04월 07일,강원도,,2009년 08월
장성택,장성택,남성,1946.0,한반도,함북,청진시,(사망),102.0,장성택,장성택,,1946.1.22 함북 청진시,1946년 01월 22일,함경북도 청진시,,2013년 12월 12일
장세철,장세철,남성,,,,,,,,장세철,,,연도미상,,,연도미상
장영록,장영록,남성,,,,,,,,장영록,,,연도미상,,,연도미상
장웅,장웅,남성,1938.0,한반도,평양,,,611.0,장웅,장웅,,1938.7.5 평양,1938년 07월 05일,평양시,,연도미상
장윤곤,장윤곤,남성,1956.0,한반도,평양,동대원구,,612.0,장윤곤,장윤곤,,1956.12.10 평양 동대원구역,1956년 12월 10일,평양시 동대원구역,,연도미상
장재언,장재언,남성,1936.0,,,,,400.0,장재언,장재언,,1936.1.20,1942년 01월 01일,함경북도,,연도미상
장정남,장정남,남성,,,,,,,,장정남,,,연도미상,,,연도미상
장정애,장정애,남성,,,,,,,,장정애,,,연도미상,,,연도미상
장정주,장정주,남성,,,,,,,,장정주,,,연도미상,,,연도미상
장준상,장준상,남성,,,,,,,,장준상,,,연도미상,,,연도미상
장창하,장창하,남성,,,,,,,,장창하,,,연도미상,,,연도미상
장철,장철,남성,1955.0,,,,,506.0,장철,장철,,1955년생,1955년,평양시,,연도미상
장춘성,장춘성,남성,,,,,,,,장춘성,,,연도미상,,,연도미상
장춘실,장춘실,여성,,,,,,,,장춘실,,,연도미상,,,연도미상
장혁,장혁,남성,,,,,,,,장혁,,,1966년 07월 25일,,,연도미상
장혜명,장혜명,남성,1958.0,한반도,양강,,,613.0,장혜명,장혜명,,1958년 양강도,1958년,량강도,,연도미상
전경남,전경남,남성,,,,,,801.0,전경남,전경남,,,1954년,,,연도미상
전광호,전광호,남성,,,,,,,,전광호,,,연도미상,,,연도미상
전길수,전길수,남성,,,,,,433.0,전길수,전길수,,,1959년 01월 01일,,,연도미상
전병호,전병호,남성,1926.0,한반도,자강,전천군,(사망),440.0,전병호,전병호,,1926.3.20 자강도 전천군,1926년 03월 20일,,,2014년 07월 07일
전승훈,전승훈,남성,1951.0,,,,,614.0,전승훈,전승훈,,1951년생,1951년 10월 27일,황해남도,,연도미상
전영진,전영진,남성,1937.0,한반도,함남,,,615.0,전영진,전영진,,1937.2.11  함남,1937년 02월 11일,함경남도,,연도미상
전용남,전용남,남성,,,,,,802.0,전용남,전용남,,,연도미상,,,연도미상
전일춘,전일춘,남성,,,,,,500.0,전일춘,전일춘,,,1941년,함경북도,,연도미상
전일호,전일호,남성,,,,,,,,전일호,,,연도미상,,,연도미상
전종수,전종수,남성,1963.0,,,,,617.0,전종수,전종수,,1963.9.20,1963년 09월 20일,평양시,,연도미상
전창복,전창복,남성,,,,,,803.0,전창복,전창복,,,연도미상,,,연도미상
전태수,전태수,남성,,,,,,,,전태수,,,연도미상,,,연도미상
전하철,전하철,남성,1928.0,한반도,양강,김형직군,,339.0,전하철,전하철,,1928.4.22 양강도 김형직군,1928년 04월 22일,량강도 김형직군,,연도미상
전학철,전학철,남성,,,,,,,,전학철,,,연도미상,,,연도미상
전현철,전현철,남성,,,,,,,,전현철,,,연도미상,,,연도미상
전희정,전희정,남성,1930.0,한반도,강원,,,202.0,전희정,전희정,,1930.3.5 강원,1930년 03월 05일,강원도,,연도미상
정경일,정경일,미상,,,,,,,,정경일,,,연도미상,,,연도미상
정경택,정경택,남성,,,,,,,,정경택,,,연도미상,,,연도미상
정덕기,정덕기,남성,,,,,,618.0,정덕기,정덕기,,,1947년 05월 15일,,,연도미상
정명도,정명도,남성,,,,,,435.0,정명도,정명도,,,연도미상,,,연도미상
정명학,정명학,남성,,,,,,619.0,정명학,정명학,,,연도미상,,,연도미상
정봉석,정봉석,미상,,,,,,,,정봉석,,,연도미상,,,연도미상
정상학,정상학,남성,,,,,,,,정상학,,,연도미상,,,연도미상
정승일,정승일,남성,,,,,,,,정승일,정승일,,연도미상,,,연도미상
정연과,정연과,남성,,,,,,620.0,정연과,정연과,,,연도미상,,,연도미상
정영국,정영국,남성,,,,,,,,정영국,,,연도미상,,,연도미상
정영수,정영수,남성,,,,,,455.0,정영수,정영수,,,1950년 01월 01일,강원도,,연도미상
정영원,정영원,남성,,,,,,,,정영원,,,연도미상,,,연도미상
정인철,정인철,남성,,,,,,,,정인철,,,연도미상,,,연도미상
정태양,정태양,남성,1954.0,,,,,621.0,정태양,정태양,,1954.11.2,1954년 11월 02일,평양시,,연도미상
정호균,정호균,남성,,,,,,623.0,정호균,정호균,,,연도미상,,,연도미상
조경철,조경철,남성,,,,,,,,조경철,,,연도미상,,,연도미상
조남진,조남진,남성,,,,,,,,조남진,,,연도미상,,,연도미상
조명록,조명록,남성,1928.0,한반도,함북,연사,(사망),406.0,조명록,조명록,,1928.7.12 함북 연사,1928년 07월 12일,함경북도 연사군,"인민군 총정치국장, 국방위원회 제1부위원장, 인민군 차수, 당 정치국 상무위원, 당 중앙위 위원, 최고인민회의 제12기 대의원",2010년 11월 06일
조병주,조병주,남성,1942.0,,,,,385.0,조병주,조병주,,1942.12.1,1942년 12월 01일,,,연도미상
조석호,조석호,미상,,,,,,,,조석호,,,연도미상,,,연도미상
조연준,조연준,남성,1937.0,한반도,함남,고원군,,804.0,조연준,조연준,,1937.9.28  함경남도 고원군,1937년 09월 28일,함경남도,,연도미상
조영철,조영철,남성,,,,,,509.0,조영철,조영철,,,1962년,함경남도,,연도미상
조용원,조용원,남성,,,,,,,,조용원,,,1957년,,,연도미상
조정호,조정호,남성,,,,,,741.0,조정호,조정호,,,1959년 03월 10일,함경북도,,연도미상
조춘룡,조춘룡,남성,,,,,,,,조춘룡,,,연도미상,,,연도미상
조현주,조현주,남성,1961.0,,,,,624.0,조현주,조현주,,1961년생,1967년 01월 01일,평양시,,연도미상
조혜숙,조혜숙,여성,,,,,,625.0,조혜숙,조혜숙,,,연도미상,,,연도미상
주규창,주규창,남성,1928.0,한반도,함남,함주군,(사망),106.0,주규창,주규창,,1928.11.25 함남 함주군,1928년 11월 25일,함경남도 함주군,,2018년 09월 03일
주동찬,주동찬,남성,1947.0,,,,,627.0,주동찬,주동찬,,1947년생(1954년說),1952년 01월 01일,평양시,,연도미상
주상성,주상성,남성,1933.0,한반도,강원,문천시,,387.0,주상성,주상성,,1933.8.1 강원 문천시,1933년 08월 01일,강원도 문천시,,연도미상
주영길,주영길,남성,,,,,,,,주영길,,,1959년,평양시,,연도미상
주영식,주영식,남성,1942.0,,,,,545.0,주영식,주영식,,1942년생,1942년 10월 20일,평안남도,,연도미상
주용일,주용일,남성,,,,,,,,주용일,,,연도미상,,,연도미상
주진구,주진구,남성,,,,,,628.0,주진구,주진구,,,1943년 01월 01일,함경남도,,연도미상
주창일,주창일,남성,,,,,,,,주창일,,,연도미상,,,연도미상
주철규,주철규,남성,,,,,,,,주철규,,,연도미상,,,연도미상
지재룡,지재룡,남성,1942.0,한반도,함남,,,561.0,지재룡,지재룡,지재용,1942.5.10 함남,1942년 05월 10일,함경남도,,연도미상
진금송,진금송,남성,,,,,,,,진금송,,,연도미상,,,연도미상
차명남,차명남,남성,,,,,,,,차명남,,,연도미상,,,연도미상
차선모,차선모,남성,1950.0,,,,,629.0,차선모,차선모,,1950년생,1950년,황해북도,,연도미상
차승수,차승수,남성,1940.0,한반도,자강,화평군,,630.0,차승수,차승수,,1940년생 자강도 화평군,1939년 01월 01일,자강도 화평군,,연도미상
차희림,차희림,남성,,,,,,,,차희림,,,1953년,,,연도미상
채성학,채성학,남성,,,,,,,,채성학,,,연도미상,,,연도미상
채일룡,채일룡,미상,,,,,,,,채일룡,,,연도미상,,,연도미상
채희정,채희정,남성,1924.0,한반도,함남,,(사망),310.0,채희정,채희정,,1924년생  함남,1924년,함경남도,,2014년 02월
최강,최강,남성,,,,,,,,최강,,,연도미상,,,연도미상
최강일,최강일,남성,,,,,,,,최강일,,,연도미상,,,연도미상
최경성,최경성,남성,,,,,,546.0,최경성,최경성,,,1945년,,,연도미상
최경철,최경철,남성,,,,,,,,최경철,,,연도미상,,,연도미상
최광,최광,남성,,,,,(사망),175.0,최광,최광,,,1918년 07월,함경북도,,1997년 02월 21일
최광래,최광래,남성,1944.0,,,,,805.0,최광래,최광래,,1944년생,1944년,평양시,,연도미상
최광진,최광진,남성,,,,,,806.0,최광진,최광진,,,연도미상,,,연도미상
최권수,최권수,남성,,,,,,,,최권수,,,연도미상,,,연도미상
최기룡,최기룡,남성,,,,,,177.0,최기룡,최기룡,최기용,,연도미상,,,연도미상
최동명,최동명,미상,,,,,,,,최동명,,,연도미상,,,연도미상
최룡해,최룡해,남성,1950.0,한반도,황남,신천군,,399.0,최룡해,최룡해,최용해,1950.1.15 황남 신천군,1950년 01월 15일,황해남도 신천군,,연도미상
최명철,최명철,미상,,,,,,,,최명철,,,연도미상,,,연도미상
최배진,최배진,남성,,,,,,632.0,최배진,최배진,,,1956년 01월 01일,평양시,,연도미상
최부일,최부일,남성,,,,,,389.0,최부일,최부일,,,1944년 03월 06일,함경북도 회령시,,연도미상
최상건,최상건,남성,,,,,,,,최상건,,,1953년 04월 28일,함경남도,,연도미상
최상려,최상려,남성,,,,,,547.0,최상려,최상려,,,연도미상,,,연도미상
최선희,최선희,여성,,,,,,,,최선희,,,1964년 08월 10일,평양시,,연도미상
최성근,최성근,미상,,,,,,,,최성근,,,연도미상,,,연도미상
최성익,최성익,남성,1938.0,,,,,179.0,최성익,최성익,,1938.9.21,1938년 09월 21일,황해남도,,연도미상
최수헌,최수헌,남성,1939.0,한반도,평양,,,633.0,최수헌,최수헌,,1939.10.7 평양,1939년 10월 07일,,,연도미상
최승호,최승호,미상,,,,,,,,최승호,,,연도미상,,,연도미상
최영건,최영건,남성,1951.0,한반도,강원,천내군,,634.0,최영건,최영건,,1951.12.11 강원도 천내군,1951년 12월 11일,강원도 천내군,,연도미상
최영림,최영림,남성,1930.0,한반도,함북,경흥군,,398.0,최영림,최영림,,1930.11.20 함북 경흥군,1930년 11월 20일,함경북도 경흥군(은덕군),,연도미상
최영일,최영일,남성,,,,,,,,최영일,,,연도미상,,,연도미상
최영호a,최영호,남성,,,,,,,,최영호,,,연도미상,,,연도미상
최영호b,최영호,남성,,,,,,,,최영호,최영호,,연도미상,,,연도미상
최익규,최익규,남성,1933.0,한반도,함북,화대군,,374.0,최익규,최익규,,1933.2.26  함북 화대군,1933년 02월 26일,함경북도 화대군,,연도미상
최인덕,최인덕,남성,,,,,(사망),149.0,최인덕,최인덕,,,1920년,,,2003년 08월 31일
최일룡,최일룡,남성,,,,,,,,최일룡,최일용,,연도미상,,,연도미상
최정룡,최정룡,남성,,,,,,,,최정룡,최정용,,연도미상,,,연도미상
최종건,최종건,남성,1922.0,,,,,147.0,최종건,최종건,,1922년생,1950년 01월 01일,,,연도미상
최진수,최진수,남성,1941.0,한반도,황남,,,366.0,최진수,최진수,,1941.6.4 황남,1941년 06월 04일,황해남도,,연도미상
최창식,최창식,남성,1940.0,,,,,403.0,최창식,최창식,,1940.4.11,1940년 04월 11일,평안북도,,연도미상
최춘식,최춘식,남성,,,,,,,,최춘식,,,1954년 10월 12일,,,연도미상
최칠남,최칠남,남성,1929.0,,,,,636.0,최칠남,최칠남,,1929.7.19,1929년 07월 19일,,,연도미상
최태복,최태복,남성,1930.0,한반도,평남,남포시,,307.0,최태복,최태복,,1930.12.1  남포,1930년 12월 01일,남포시,,연도미상
최휘,최휘,남성,,,,,,,,최휘,최휘,,1955년,,,연도미상
최희정,최희정,남성,1946.0,,,,,308.0,최희정,최희정,,1946.10.22,1946년 10월 22일,,,연도미상
최희태,최희태,남성,,,,,,,,최희태,,,연도미상,,,연도미상
태종수,태종수,남성,1936.0,한반도,함북,명간군,,456.0,태종수,태종수,,1936.3.20 함북 명간군,1936년 03월 20일,함경북도 명간군(화성군),,연도미상
태형철,태형철,남성,1953.0,,,,,481.0,태형철,태형철,,1953년생,1953년,평양시,,연도미상
포희성,포희성,미상,,,,,,,,포희성,,,연도미상,,,연도미상
한광복,한광복,여성,1946.0,,,,,249.0,한광복,한광복,,1946.3.18,1946년 03월 18일,함경북도,,연도미상
한광상,한광상,남성,,,,,,515.0,한광상,한광상,,,1957년,함경남도,,연도미상
한동근,한동근,남성,1941.0,,,,,401.0,한동근,한동근,,1941년생,1933년 06월 01일,,,연도미상
한룡국,한룡국,남성,,,,,,,,한룡국,,,연도미상,,,연도미상
한상준,한상준,남성,,,,,,,,한상준,,,연도미상,,,연도미상
한성렬,한성렬,남성,1954.0,한반도,평북,대관,,638.0,한성렬,한성렬,,1954.6.17 평북 대관,1954년 06월 17일,평안북도 대관군,,연도미상
한성룡,한성룡,남성,,,,,(사망),235.0,한성룡,한성룡,한성용,,1923년,함경북도 명천군,,연도미상
한종혁,한종혁,남성,,,,,,,,한종혁,,,연도미상,,,연도미상
한호성,한호성,남성,,,,,,,,한호성,,,연도미상,,,연도미상
한효연,한효연,남성,,,,,,,,한효연,,,연도미상,,,연도미상
한흥표,한흥표,남성,1948.0,,,,,516.0,한흥표,한흥표,,1948년생,1948년,,,연도미상
허광욱,허광욱,미상,,,,,,,,허광욱,,,연도미상,,,연도미상
허영률,허영률,남성,,,,,,,,허영률,,,연도미상,,,연도미상
허종,허종,남성,1946.0,,,,,639.0,허종,허종,,1946.3.6,1946년 03월 06일,,,연도미상
허종호,허종호,미상,,,,,,,,허종호,,,연도미상,,,연도미상
허철만,허철만,남성,,,,,,,,허철만,,,연도미상,,,연도미상
허택,허택,남성,,,,,,154.0,허택,허택,,,연도미상,,,연도미상
현상주,현상주,남성,,,,,,517.0,현상주,현상주,,,1940년,,,연도미상
현송월,현송월,여성,,,,,,,,현송월,,,연도미상,,,연도미상
현영철,현영철,남성,,,,,(사망),640.0,현영철,현영철,,,1949년 01월 11일,함경북도 어랑군,,연도미상
현철해,현철해,남성,1934.0,,,,,422.0,현철해,현철해,,1934년생,1934년 08월 13일,함경북도 경성군,,연도미상
홍광순,홍광순,남성,,,,,,,,홍광순,,,1953년,,,연도미상
홍서헌,홍서헌,남성,1945.0,,,,,204.0,홍서헌,홍서헌,,1945.12.31,1945년 12월 31일,평안남도,,연도미상
홍석형,홍석형,남성,1936.0,한반도,서울,,,402.0,홍석형,홍석형,,1936.10.1 서울,1936년 10월 01일,,,연도미상
홍선옥,홍선옥,여성,1950.0,,,,,451.0,홍선옥,홍선옥,,1950.3.28,1950년 03월 28일,평안북도,,연도미상
홍성남,홍성남,남성,,,,,(사망),218.0,홍성남,홍성남,,,1929년 10월 02일,평안북도 정주시,,2009년 03월 31일
홍승무,홍승무,남성,,,,,,,,홍승무,,,연도미상,,,연도미상
홍영칠,홍영칠,남성,,,,,,,,홍영칠,,,연도미상,,,연도미상
홍인범,홍인범,남성,,,,,,518.0,홍인범,홍인범,,,1937년,,,연도미상
홍일천,홍일천,여성,1942.0,한반도,함경,,,641.0,홍일천,홍일천,,1942년생 함경도,1942년,,,연도미상
황민,황민,남성,,,,,,,,황민,,,연도미상,,,연도미상
황병서,황병서,남성,1949.0,,,,,407.0,황병서,황병서,,1949년생,1949년,,,연도미상
황봉영,황봉영,남성,1944.0,한반도,강원,철원군,,642.0,황봉영,황봉영,,1944.8.15 강원 철원,1944년 08월 15일,,,연도미상
황순희,황순희,여성,1919.0,중국,,,(사망),203.0,황순희,황순희,,1919.5.3 중국,1919년 05월 03일,북한지역외 중국,,2020년 01월 17일
황철식,황철식,미상,,,,,,,,황철식,,,연도미상,,,연도미상
황학원,황학원,남성,,,,,,372.0,황학원,황학원,,,1941년 01월 01일,,,연도미상
김춘근,김춘근,,1947.0,,,,,113.0,김춘근,,,1947년생,,,,
김룡연,김룡연,,1916.0,한반도,양강,혜산,,132.0,김룡연,,,1916.1.24 양강도 혜산,,,"만경대혁명학원 원장, 인민군 차수, 당 중앙위 후보위원, 최고인민회의 제11기 대의원",
김기선,김기선,,1926.0,한반도,함남,,,135.0,김기선,,,1926년생 함경남도,,,,
길재경,길재경,,,,,,,137.0,길재경,,,,,,,
최승철,최승철,,1956.0,한반도,함남,,,181.0,최승철,,,1956.10.3 함남,,,,
유영선,유영선,,1941.0,한반도,함남,정평군,,191.0,유영선,,,1941년생 함남 정평군,,,,
이정부,이정부,,,,,,,194.0,이정부,,,,,,,
오익제,오익제,,1929.0,한반도,평남,성천군,,208.0,오익제,,,1929.4.23 평남 성천군,,,,
김창규,김창규,,1941.0,한반도,양강,,,214.0,김창규,,,1941.3.16 양강도,,,,
허혁필,허혁필,,1932.0,,,,,219.0,허혁필,,,1932.12.5,,,,
최춘황,최춘황,,,,,,,220.0,최춘황,,,,,,,
김상익,김상익,,1943.0,,,,,251.0,김상익,,,1943년생,,,,
김일근,김일근,,1955.0,,,,,264.0,김일근,,,1955년생,,,,
김응관,김응관,,,,,,,306.0,김응관,,,,,,,
이광호,이광호,,,,,,,317.0,이광호,,,,,,,
정창렬,정창렬,,1923.0,한반도,황해,,,325.0,정창렬,,,1923년생 황해도,,,,
전진수,전진수,,1930.0,한반도,함남,,,338.0,전진수,,,1930.11.18 함남,,,,
박남기,박남기,,1934.0,,,,,343.0,박남기,,,1934.2.21,,,,
려원구,려원구,,,,,,,346.0,려원구,,,,,,,
정운업,정운업,,1941.0,한반도,평남,회창군,,357.0,정운업,,,1941.12.26 평남 회창군,,,,
김일본,김일본,,1910.0,한반도,함북,,,484.0,김일본,,,1910.3.20 함북,,,"국가부주석, 당 중앙위 정치국 상무위원, 중앙인민위 위원,  ?조평통? 위원장, 당 중앙위원, 최고인민회의 제7기 대의원",
이철리,이철리,,,,,,,519.0,이철리,,,,,,,
홍창일,홍창일,,1947.0,,,,,521.0,홍창일,,,1947.5.12,,,,
권중영,권중영,,,,,,,522.0,권중영,,,,,,,
림경숙,림경숙,,,,,,,608.0,림경숙,,,,,,,
장우영,장우영,,1954.0,,,,,610.0,장우영,,,1954년생,,,,
전재선,전재선,,1940.0,,,,,616.0,전재선,,,1940년생,,,,
정하철,정하철,,1933.0,한반도,평남,용강,,622.0,정하철,,,1933.5.25 평남 용강,,,,
주동일,주동일,,1947.0,,,,,626.0,주동일,,,1947년생,,,,
최남균,최남균,,,,,,,631.0,최남균,,,,,,,
최룡수,최룡수,,1936.0,,,,,635.0,최룡수,,,1936년생,,,,
한봉춘,한봉춘,,1942.0,,,,,637.0,한봉춘,,,1942년생,,,,
김동운,김동운,,1935.0,한반도,양강,,,651.0,김동운,,,1935.11.1 양강도,,,,
김만길,김만길,,1962.0,,,,,652.0,김만길,,,1962년생,,,,
김복신,김복신,,1925.0,한반도,평북,신의주시,,655.0,김복신,,,1925년생 평북 신의주시,,,,
김상록,김상록,,1939.0,,,,,656.0,김상록,,,1939년생,,,,
김성국,김성국,,1930.0,,,,,657.0,김성국,,,1930년생,,,,
김수학,김수학,,1942.0,,,,,658.0,김수학,,,1942.9.11,,,,
김승현,김승현,,1947.0,,,,,659.0,김승현,,,1947년생,,,,
김양근,김양근,,,,,,,661.0,김양근,,,,,,,
김완수b,김완수,,1940.0,,,,,666.0,김완수,,,1940년생,,,,
김용삼,김용삼,,1941.0,,,,,667.0,김용삼,,,1941.9.5,,,,
김용술,김용술,,1937.0,,,,,668.0,김용술,,,1937.8.26,,,,
김유호,김유호,,1940.0,,,,,669.0,김유호,,,1940.12.1,,,,
김인호,김인호,,,,,,,671.0,김인호,,,,,,,
김종태,김종태,,1948.0,,,,,674.0,김종태,,,1948.6.3,,,,
김진성,김진성,,1942.0,,,,,677.0,김진성,,,1942년생,,,,
박남칠,박남칠,,1958.0,,,,,684.0,박남칠,,,1958년생,,,,
박동춘,박동춘,,1942.0,,,,,685.0,박동춘,,,1942.5.28,,,,
박정성,박정성,,1944.0,,,,,690.0,박정성,,,1944.11.9,,,,
박창련,박창련,,1935.0,,,,,692.0,박창련,,,1935년생,,,,
박학선,박학선,,1954.0,,,,,693.0,박학선,,,1954년생,,,,
방종삼,방종삼,,1942.0,,,,,696.0,방종삼,,,1942년생,,,,
방철갑,방철갑,,1936.0,,,,,697.0,방철갑,,,1936년생,,,,
백현봉,백현봉,,1954.0,,,,,699.0,백현봉,,,1954년생,,,,
석군수,석군수,,1956.0,,,,,700.0,석군수,,,1956년생,,,,
송석환,송석환,,1936.0,한반도,평양,,,701.0,송석환,,,1936.9.16 평양,,,,
신일남,신일남,,1938.0,한반도,평북,,,704.0,신일남,,,1938년생 평북,,,,
오광철,오광철,,1959.0,,,,,705.0,오광철,,,1959.6.15,,,,
오길방,오길방,,1936.0,,,,,706.0,오길방,,,1936년생,,,,
우두태,우두태,,1940.0,한반도,강원,고성,,707.0,우두태,,,"1940년생, 강원 고성",,,,
이공필,이공필,,,,,,,709.0,이공필,,,,,,,
이금범,이금범,,1941.0,,,,,711.0,이금범,,,1941.1.3,,,,
