102;장성택;1969. 모스크바 유학;1969;NULL;NULL;러시아;1969_name_level_러시아
102;장성택;연도미상 김일성종합대학;NULL;김일성종합대학교;대학교;북한;year_김일성종합대학교_대학교_북한
103;윤기정;연도미상 경기여고, 김일성종합대학;NULL;김일성종합대학교;대학교;북한;year_김일성종합대학교_대학교_북한
106;주규창;연도미상 김책공업대학 졸업;NULL;김일성종합대학교;대학교;북한;year_김일성종합대학교_대학교_북한
107;박관오;연도미상 김일성종합대학 원자력학부 졸업;NULL;김일성종합대학교;대학교;북한;year_김일성종합대학교_대학교_북한
110;림상종;연도미상 김일성종합대학;NULL;김일성종합대학교;대학교;북한;year_김일성종합대학교_대학교_북한
112;김평일;1970. 남산고등중학교 졸업;1970;남산고등중학교;고등중학교;북한;1970_남산고등중학교_고등중학교_북한
112;김평일;1977. 8 김일성종합대학(경제학부) 졸업;1977;김일성종합대학교;대학교;북한;1977_김일성종합대학교_대학교_북한
112;김평일;1978.～81.8 김일성군사종합대학교;1978;김일성군사종합대학교;대학교;북한;1978_김일성군사종합대학교_대학교_북한
114;김철만;연도미상 소련 군사아카데미 졸업;NULL;군사아카데미;특수학교;러시아;year_군사아카데미_특수학교_러시아
115;김영남;1953. 모스크바대학(외교학 전공);1953;모스크바대학;대학교;러시아;1953_모스크바대학_대학교_러시아
115;김영남;연도미상 김일성종합대학 졸업;NULL;김일성종합대학교;대학교;북한;year_김일성종합대학교_대학교_북한
118;심상진;연도미상 김일성사범대학 졸업, 불교학원 졸업;NULL;김일성사범대학교;대학교;북한;year_김일성사범대학교_대학교_북한
119;오수용;연도미상 김책공업종합대학 졸업;NULL;김책공업종합대학;대학교;북한;year_김책공업종합대학_대학교_북한
125;김성애;연도미상 평양여자사범대학, 김일성종합대학 졸업;NULL;김일성종합대학교;대학교;북한;year_김일성종합대학교_대학교_북한
125;김성애;연도미상 평양여자사범대학, 김일성종합대학 졸업;NULL;평양여자사범대학;대학교;북한;year_평양여자사범대학_대학교_북한
131;김병률;연도미상 만경대혁명학원, 체코 프라하공대 졸업;NULL;만경대혁명학원;특수학교;북한;year_만경대혁명학원_특수학교_북한
131;김병률;연도미상 만경대혁명학원, 체코 프라하공대 졸업;NULL;체코프라하공대;대학교;체코;year_체코프라하공대_대학교_체코
135;김기선;연도미상 김일성정치대학 졸업;NULL;김일성정치대학교;대학교;북한;year_김일성정치대학교_대학교_북한
137;길재경;연도미상 김일성종합대학;NULL;김일성종합대학교;대학교;북한;year_김일성종합대학교_대학교_북한
139;김국태;연도미상 김일성종합대학, 모스크바대학, 고급당학교 졸업;NULL;고급당학교;특수학교;북한;year_고급당학교_특수학교_북한
139;김국태;연도미상 김일성종합대학, 모스크바대학, 고급당학교 졸업;NULL;김일성종합대학교;대학교;북한;year_김일성종합대학교_대학교_북한
139;김국태;연도미상 김일성종합대학, 모스크바대학, 고급당학교 졸업;NULL;모스크바대학교;대학교;러시아;year_모스크바대학교_대학교_러시아
142;궁석웅;연도미상평양외국어대학, 평양국제관계대학 졸업;NULL;평양국제관계대학교;대학교;북한;year_평양국제관계대학교_대학교_북한
142;궁석웅;연도미상평양외국어대학, 평양국제관계대학 졸업;NULL;평양외국어대학교;대학교;북한;year_평양외국어대학교_대학교_북한
145;김봉철;연도미상 김일성종합대학 졸업;NULL;김일성종합대학교;대학교;북한;year_김일성종합대학교_대학교_북한
146;강성산;연도미상 만경대혁명학원, 김일성종합대학;NULL;김일성종합대학교;대학교;북한;year_김일성종합대학교_대학교_북한
146;강성산;연도미상 만경대혁명학원, 김일성종합대학;NULL;만경대혁명학원;특수학교;북한;year_만경대혁명학원_특수학교_북한
147;최종건;연도미상 구소련공산대학;NULL;구소련공산대학교;대학교;러시아;year_구소련공산대학교_대학교_러시아
148;강영섭;연도미상 레닌그라드대, 평양신학원;NULL;레닌그라드대학교;대학교;러시아;year_레닌그라드대학교_대학교_러시아
148;강영섭;연도미상 레닌그라드대, 평양신학원;NULL;평양신학원;특수학교;북한;year_평양신학원_특수학교_북한
151;박경선;연도미상  김일성종합대학 외문학부 졸업;NULL;김일성종합대학교;대학교;북한;year_김일성종합대학교_대학교_북한
155;문재철;연도미상 국제관계대학 졸업;NULL;국제관계대학교;대학교;북한;year_국제관계대학교_대학교_북한
156;강석숭;연도미상 김일성종합대학, 소련 모스크바종합대학;NULL;김일성종합대학교;대학교;북한;year_김일성종합대학교_대학교_북한
156;강석숭;연도미상 김일성종합대학, 소련 모스크바종합대학;NULL;모스크바종합대학교;대학교;러시아;year_모스크바종합대학교_대학교_러시아
159;오극렬;1962. 소련 프룬제군사대학 유학;1962;프룬제군사대학교;대학교;러시아;1962_프룬제군사대학교_대학교_러시아
159;오극렬;연도미상 만경대혁명학원, 김일성종합대학 졸업;NULL;김일성종합대학교;대학교;북한;year_김일성종합대학교_대학교_북한
159;오극렬;연도미상 만경대혁명학원, 김일성종합대학 졸업;NULL;만경대혁명학원;특수학교;북한;year_만경대혁명학원_특수학교_북한
166;박길연;연도미상 평양국제관계대학 졸업;NULL;평양국제관계대학교;대학교;북한;year_평양국제관계대학교_대학교_북한
172;장성우;연도미상 만경대혁명대학원, 김일성군사종합대학;NULL;김일성군사종합대학교;대학교;북한;year_김일성군사종합대학교_대학교_북한
172;장성우;연도미상 만경대혁명대학원, 김일성군사종합대학;NULL;만경대혁명학원;특수학교;북한;year_만경대혁명학원_특수학교_북한
179;최성익;연도미상 김일성종합대학 졸업;NULL;김일성종합대학교;대학교;북한;year_김일성종합대학교_대학교_북한
181;최승철;1977.~83. 김일성종합대학 경제학부 정치경제학과;1977;김일성종합대학교;대학교;북한;1977_김일성종합대학교_대학교_북한
197;림경만;연도미상 김일성종합대학 외문학부 졸업;NULL;김일성종합대학교;대학교;북한;year_김일성종합대학교_대학교_북한
202;전희정;연도미상 평양외국어대학 졸업;NULL;평양외국어대학교;대학교;북한;year_평양외국어대학교_대학교_북한
208;오익제;연도미상 고려대 경영대학원, 국제관계대학 경제학과 졸업;NULL;고려대학교;대학교;한국;year_고려대학교_대학교_한국
208;오익제;연도미상 고려대 경영대학원, 국제관계대학 경제학과 졸업;NULL;국제관계대학교;대학교;북한;year_국제관계대학교_대학교_북한
211;림동옥;연도미상 김일성종합대학;NULL;김일성종합대학교;대학교;북한;year_김일성종합대학교_대학교_북한
212;리태남;연도미상 평양기계대학 졸업;NULL;평양기계대학교;대학교;북한;year_평양기계대학교_대학교_북한
218;홍성남;연도미상 김일성종합대학, 체코 프라하공대(기계공학 전공);NULL;김일성종합대학교;대학교;북한;year_김일성종합대학교_대학교_북한
218;홍성남;연도미상 김일성종합대학, 체코 프라하공대(기계공학 전공);NULL;프라하공대;대학교;체코;year_프라하공대_대학교_체코
219;허혁필;연도미상 김일성종합대학 외문학부 러시아어 전공;NULL;김일성종합대학교;대학교;북한;year_김일성종합대학교_대학교_북한
220;최춘황;연도미상 김일성종합대학;NULL;김일성종합대학교;대학교;북한;year_김일성종합대학교_대학교_북한
221;오진우;1945이전 빨치산 활동 연도미상 소련 보병학교, 육군대학;1945;소련보병학교;특수학교;러시아;1945_소련보병학교_특수학교_러시아
231;김정일;1950.~52. 중국 길림학원(6.25 당시 자강도 장자산 피신 주장);1950;길림학원;특수학교;중국;1950_길림학원_특수학교_중국
231;김정일;1952.11~53. 만경대혁명학원;1952;만경대혁명학원;특수학교;북한;1952_만경대혁명학원_특수학교_북한
231;김정일;1953.～54. 삼석인민학교, 평양제4인민학교;1953;삼석인민학교;인민학교;북한;1953_삼석인민학교_인민학교_북한
231;김정일;1953.～54. 삼석인민학교, 평양제4인민학교;1953;평양제4인민학교;인민학교;북한;1953_평양제4인민학교_인민학교_북한
231;김정일;1960.9～64.3 김일성종합대학 정치경제학과;1960;김일성종합대학교;대학교;북한;1960_김일성종합대학교_대학교_북한
234;김형준;연도미상 청진사범대학 졸업;NULL;청진사범대학교;대학교;중국;year_청진사범대학교_대학교_중국
235;한성룡;연도미상 만경대혁명학원, 체코 프라하 공대;NULL;만경대혁명학원;특수학교;북한;year_만경대혁명학원_특수학교_북한
235;한성룡;연도미상 만경대혁명학원, 체코 프라하 공대;NULL;프라하공대;대학교;체코;year_프라하공대_대학교_체코
242;양형섭;1950. 소련모스크바대학 정치경제학부;1950;모스크바대학교;대학교;러시아;1950_모스크바대학교_대학교_러시아
242;양형섭;연도미상 중국 칭다오중학교, 김일성종합대학 졸업;NULL;김일성종합대학교;대학교;북한;year_김일성종합대학교_대학교_북한
242;양형섭;연도미상 중국 칭다오중학교, 김일성종합대학 졸업;NULL;칭다오중학교;고등중학교;중국;year_칭다오중학교_고등중학교_중국
245;리제강;연도미상 김일성종합대학 졸업;NULL;김일성종합대학교;대학교;북한;year_김일성종합대학교_대학교_북한
248;김일성;1923. 2 창덕학교 입학;1923;창덕학교;인민학교;북한;1923_창덕학교_인민학교_북한
248;김일성;1925. 만주 무송 제1소학교 전학;1925;제1소학교;인민학교;북한;1925_제1소학교_인민학교_북한
248;김일성;1926. 화성의숙(전현) 전학;1926;화성의숙;고등중학교;만주;1926_화성의숙_고등중학교_만주
248;김일성;1927. 만주 길림 육문중 수학(중퇴), 공산청년동맹 가입;1927;육문중학교;고등중학교;북한;1927_육문중학교_고등중학교_북한
249;한광복;연도미상 김책공업대학 졸업;NULL;김일성종합대학교;대학교;북한;year_김일성종합대학교_대학교_북한
252;김락희;연도미상 개천여자중학교, 인민경제대학 졸업;NULL;개천여자중학교;고등중학교;북한;year_개천여자중학교_고등중학교_북한
252;김락희;연도미상 개천여자중학교, 인민경제대학 졸업;NULL;인민경제대학교;대학교;북한;year_인민경제대학교_대학교_북한
256;송호경;1965. 김일성종합대학 외문학부;1965;김일성종합대학교;대학교;북한;1965_김일성종합대학교_대학교_북한
258;리을설;연도미상 소련군사아카데미 졸업;NULL;소련군사아카데미;특수학교;러시아;year_소련군사아카데미_특수학교_러시아
262;김일철;1948. 훈련소 졸업후 원산기지 해군함정 부중대장 임관;1948;NULL;특수학교;;1948_name_특수학교_
262;김일철;1958. 해군대학 졸업;1958;해군대학교;대학교;러시아;1958_해군대학교_대학교_러시아
262;김일철;1962. 소련 해군대학 유학;1962;해군대학교;대학교;러시아;1962_해군대학교_대학교_러시아
262;김일철;연도미상 만경대혁명학원 졸업;NULL;만경대혁명학원;특수학교;북한;year_만경대혁명학원_특수학교_북한
266;배달준;연도미상 체코 프라타슬라바대 졸업;NULL;프라타슬라바대학교;대학교;체코;year_프라타슬라바대학교_대학교_체코
272;김기룡;연도미상 김일성종합대학 졸업;NULL;김일성종합대학교;대학교;북한;year_김일성종합대학교_대학교_북한
274;백인준;연도미상 연희전문 2년 중퇴, 일본유학;NULL;NULL;NULL;일본;year_name_level_일본
274;백인준;연도미상 연희전문 2년 중퇴, 일본유학;NULL;연희전문학교;대학교;한국;year_연희전문학교_대학교_한국
275;백학림;연도미상 소련아카데미 유학;NULL;소련아카데미;특수학교;러시아;year_소련아카데미_특수학교_러시아
276;백남순;연도미상 김일성종합대학;NULL;김일성종합대학교;대학교;북한;year_김일성종합대학교_대학교_북한
277;리용무;연도미상 제2중앙정치학교 졸업;NULL;제2중앙정치학교;특수학교;북한;year_제2중앙정치학교_특수학교_북한
281;김익현;연도미상 김일성고급당학교;NULL;김일성고급당학교;특수학교;북한;year_김일성고급당학교_특수학교_북한
288;강민철;연도미상 김책공업종합대학 졸업;NULL;김책공업종합대학;대학교;북한;year_김책공업종합대학_대학교_북한
291;성자립;연도미상 만경대혁명학원 졸업;NULL;만경대혁명학원;특수학교;북한;year_만경대혁명학원_특수학교_북한
293;박태화;1934.~36. 보현사 불교학원;1934;불교학원;특수학교;북한;1934_불교학원_특수학교_북한
293;박태화;1955.~58. 인민경제대학;1955;인민경제대학교;대학교;북한;1955_인민경제대학교_대학교_북한
302;김원균;연도미상 일본음악학교, 소련유학;NULL;NULL;NULL;러시아;year_name_level_러시아
302;김원균;연도미상 일본음악학교, 소련유학;NULL;NULL;NULL;일본;year_name_level_일본
307;최태복;연도미상 만경대혁명학원, 김일성종합대, 라이프치히공대 졸업;NULL;김일성종합대학교;대학교;북한;year_김일성종합대학교_대학교_북한
307;최태복;연도미상 만경대혁명학원, 김일성종합대, 라이프치히공대 졸업;NULL;라이프치히공대;대학교;독일;year_라이프치히공대_대학교_독일
307;최태복;연도미상 만경대혁명학원, 김일성종합대, 라이프치히공대 졸업;NULL;만경대혁명학원;특수학교;북한;year_만경대혁명학원_특수학교_북한
308;최희정;연대미상 김책공업종합대학 금속가공공학과 졸업;NULL;김책공업종합대학교;대학교;북한;year_김책공업종합대학교_대학교_북한
310;채희정;연도미상 김일성종합대학, 모스크바대학;NULL;김일성종합대학교;대학교;북한;year_김일성종합대학교_대학교_북한
310;채희정;연도미상 김일성종합대학, 모스크바대학;NULL;모스크바대학교;대학교;러시아;year_모스크바대학교_대학교_러시아
312;박용석;연도미상 만경대혁명학원, 김일성종합대학, 소련 철도운수대학;NULL;김일성종합대학교;대학교;북한;year_김일성종합대학교_대학교_북한
312;박용석;연도미상 만경대혁명학원, 김일성종합대학, 소련 철도운수대학;NULL;만경대혁명학원;특수학교;북한;year_만경대혁명학원_특수학교_북한
312;박용석;연도미상 만경대혁명학원, 김일성종합대학, 소련 철도운수대학;NULL;철도운수대학교;대학교;러시아;year_철도운수대학교_대학교_러시아
313;박송봉;1951.~57. 루마니아 유학 연도미상 당 조직지도부, 과학교육부, 기계공업부 등 근무 1970년대 당 중앙위 부부장;1951;NULL;NULL;루마니아;1951_name_level_루마니아
313;박송봉;연도미상 만경대혁명학원;NULL;만경대혁명학원;특수학교;북한;year_만경대혁명학원_특수학교_북한
317;이광호;연도미상 평성이과대학 졸업;NULL;평성이과대학교;대학교;북한;year_평성이과대학교_대학교_북한
319;김용순;1948.～54. 김일성종합대학;1948;김일성종합대학교;대학교;북한;1948_김일성종합대학교_대학교_북한
319;김용순;1954.～56. 소련 모스크바대학;1954;모스크바대학교;대학교;러시아;1954_모스크바대학교_대학교_러시아
320;김완수;연도미상 김일성종합대학;NULL;김일성종합대학교;대학교;북한;year_김일성종합대학교_대학교_북한
325;정창렬;연도미상 평양건설건재대학 졸업, 소련유학;NULL;NULL;NULL;러시아;year_name_level_러시아
325;정창렬;연도미상 평양건설건재대학 졸업, 소련유학;NULL;평양건설건재대학교;대학교;북한;year_평양건설건재대학교_대학교_북한
328;박봉주;연도미상 덕천공업대학 졸업;NULL;덕천공업대학교;대학교;북한;year_덕천공업대학교_대학교_북한
329;리광근;연도미상 김일성종합대학 독일어과;NULL;김일성종합대학교;대학교;북한;year_김일성종합대학교_대학교_북한
333;김영주;1945. 모스크바종합대학(정경학부);1945;모스크바종합대학교;대학교;러시아;1945_모스크바종합대학교_대학교_러시아
333;김영주;1952. 모스크바고급당학교 연구반;1952;모스크바종합대학교;대학교;러시아;1952_모스크바종합대학교_대학교_러시아
334;김영철;연도미상 만경대혁명학원, 김일성군사종합대학 졸업;NULL;만경대혁명학원;특수학교;북한;year_만경대혁명학원_특수학교_북한
334;김영철;연도미상 만경대혁명학원, 김일성군사종합대학 졸업;NULL;모스크바고급당학교;특수학교;러시아;year_모스크바고급당학교_특수학교_러시아
338;전진수;연도미상 만경대혁명학원, 소련군사대학 졸업;NULL;만경대혁명학원;특수학교;북한;year_만경대혁명학원_특수학교_북한
338;전진수;연도미상 만경대혁명학원, 소련군사대학 졸업;NULL;소련군사대학교;특수학교;러시아;year_소련군사대학교_특수학교_러시아
339;전하철;연도미상 김일성종합대학 졸업;NULL;김일성종합대학교;대학교;북한;year_김일성종합대학교_대학교_북한
343;박남기;연도미상 김책공대, 레닌그라드공대, 체코프라하공대 졸업;NULL;김책공업종합대학;대학교;북한;year_김책공업종합대학_대학교_북한
343;박남기;연도미상 김책공대, 레닌그라드공대, 체코프라하공대 졸업;NULL;레닌그라드공대;대학교;러시아;year_레닌그라드공대_대학교_러시아
343;박남기;연도미상 김책공대, 레닌그라드공대, 체코프라하공대 졸업;NULL;체코프라하공대;대학교;체코;year_체코프라하공대_대학교_체코
344;박도춘;연도미상 김일성고급당학교 졸업;NULL;김일성고급당학교;특수학교;북한;year_김일성고급당학교_특수학교_북한
346;려원구;연도미상 모스크바대학;NULL;모스크바대학교;대학교;러시아;year_모스크바대학교_대학교_러시아
347;김형룡;연도미상 통신군관학교, 김일성군사종합대학 졸업;NULL;김일성군사종합대학교;대학교;북한;year_김일성군사종합대학교_대학교_북한
347;김형룡;연도미상 통신군관학교, 김일성군사종합대학 졸업;NULL;통신군관학교;특수학교;북한;year_통신군관학교_특수학교_북한
348;김평해;연도미상 사범대학 졸업;NULL;사범대학교;대학교;북한;year_사범대학교_대학교_북한
350;김영대;연도미상 김일성종합대학 3년 수료;NULL;김일성종합대학교;대학교;북한;year_김일성종합대학교_대학교_북한
351;김영일;연도미상 국제관계대학, 해주혁명학원, 평양외국어대학 졸업;NULL;국제관계대학교;대학교;북한;year_국제관계대학교_대학교_북한
351;김영일;연도미상 국제관계대학, 해주혁명학원, 평양외국어대학 졸업;NULL;평양외국어대학교;대학교;북한;year_평양외국어대학교_대학교_북한
351;김영일;연도미상 국제관계대학, 해주혁명학원, 평양외국어대학 졸업;NULL;해주혁명학원;특수학교;북한;year_해주혁명학원_특수학교_북한
352;김원홍;연도미상 김일성정치군사대학 졸업;NULL;김일성정치군사대학교;대학교;북한;year_김일성정치군사대학교_대학교_북한
357;정운업;연도미상 김책공업대학 전기공학과 졸업;NULL;김책공업대학교;대학교;북한;year_김책공업대학교_대학교_북한
360;박승원;연도미상 김일성군사종합대학;NULL;김일성군사종합대학교;대학교;북한;year_김일성군사종합대학교_대학교_북한
363;리종혁;연도미상 김일성종합대학, 국제관계대학 졸업;NULL;군제관계대학교;대학교;북한;year_군제관계대학교_대학교_북한
363;리종혁;연도미상 김일성종합대학, 국제관계대학 졸업;NULL;김일성종합대학교;대학교;북한;year_김일성종합대학교_대학교_북한
365;곽범기;연도미상희천공업대학 졸업;NULL;희천공업대학교;대학교;북한;year_희천공업대학교_대학교_북한
366;최진수;연도미상 국제관계대학 불어과 졸업;NULL;국제관계대학교;대학교;북한;year_국제관계대학교_대학교_북한
368;리하일;연도미상 만경대혁명학원, 소련군사대학 졸업;NULL;만경대혁명학원;특수학교;북한;year_만경대혁명학원_특수학교_북한
368;리하일;연도미상 만경대혁명학원, 소련군사대학 졸업;NULL;소련군사대학교;특수학교;러시아;year_소련군사대학교_특수학교_러시아
369;김정각;연도미상 김일성군사종합대학 졸업;NULL;김일성군사종합대학교;대학교;북한;year_김일성군사종합대학교_대학교_북한
374;최익규;연도미상 김형직사범대학 러시아어문학 졸업;NULL;김형직사범대학교;대학교;북한;year_김형직사범대학교_대학교_북한
378;리병철;연도미상 만경대혁명학원 졸업;NULL;만경대혁명학원;특수학교;북한;year_만경대혁명학원_특수학교_북한
380;김용진;연도미상 김형직사범대학 졸업;NULL;김형직사범대학교;대학교;북한;year_김형직사범대학교_대학교_북한
381;신선호;연도미상 김일성종합대학 졸업;NULL;김일성종합대학교;대학교;북한;year_김일성종합대학교_대학교_북한
385;조병주;연도미상 용성기계대학 졸업;NULL;용성기계대학교;대학교;북한;year_용성기계대학교_대학교_북한
387;주상성;연도미상 김일성군사대학;NULL;김일성군사대학교;대학교;북한;year_김일성군사대학교_대학교_북한
393;리영호;연도미상 김일성군사종합대학 졸업;NULL;김일성군사종합대학교;대학교;북한;year_김일성군사종합대학교_대학교_북한
394;강석주;연도미상평양외국어대학(영어), 국제관계대학(불어) 졸업;NULL;국제관계대학교;대학교;북한;year_국제관계대학교_대학교_북한
394;강석주;연도미상평양외국어대학(영어), 국제관계대학(불어) 졸업;NULL;평양외국어대학교;대학교;북한;year_평양외국어대학교_대학교_북한
398;최영림;연도미상 만경대혁명학원, 김일성종합대학 졸업;NULL;김일성종합대학교;대학교;북한;year_김일성종합대학교_대학교_북한
398;최영림;연도미상 만경대혁명학원, 김일성종합대학 졸업;NULL;만경대혁명학원;특수학교;북한;year_만경대혁명학원_특수학교_북한
399;최룡해;연도미상 만경대혁명학원, 김일성종합대학 정치경제학부 졸업;NULL;김일성종합대학교;대학교;북한;year_김일성종합대학교_대학교_북한
399;최룡해;연도미상 만경대혁명학원, 김일성종합대학 정치경제학부 졸업;NULL;만경대혁명학원;특수학교;북한;year_만경대혁명학원_특수학교_북한
400;장재언;연도미상 김책공업대학 졸업;NULL;김일성종합대학교;대학교;북한;year_김일성종합대학교_대학교_북한
401;한동근;연도미상 레닌 군사정치아카데미, 만경대혁명학원 졸업;NULL;군사정치아카데미;대학교;북한;year_군사정치아카데미_대학교_북한
401;한동근;연도미상 레닌 군사정치아카데미, 만경대혁명학원 졸업;NULL;만경대혁명학원;대학교;북한;year_만경대혁명학원_대학교_북한
402;홍석형;1948. 월북, 만경대혁명학원, 모스크바대 경제학과 졸업;1948;만경대혁명학원;대학교;북한;1948_만경대혁명학원_대학교_북한
402;홍석형;1948. 월북, 만경대혁명학원, 모스크바대 경제학과 졸업;NULL;모스크바대학교;대학교;러시아;year_모스크바대학교_대학교_러시아
403;최창식;연도미상 평양의과대학 임상약리학과 졸업;NULL;평양의과대학교;대학교;북한;year_평양의과대학교_대학교_북한
406;조명록;1945이전 만주 비행학교, 만경대혁명학원;1945;비행학교;대학교;북한;1945_비행학교_대학교_북한
406;조명록;1950.～52. 러시아 공군대학 유학, 귀국;1950;공군대학교;대학교;러시아;1950_공군대학교_대학교_러시아
406;조명록;1945이전 만주 비행학교, 만경대혁명학원;NULL;만경대혁명학원;대학교;북한;year_만경대혁명학원_대학교_북한
406;조명록;연도미상 중앙당학교;NULL;중앙당학교;대학교;북한;year_중앙당학교_대학교_북한
409;김계관;연도미상 평양외국어대학, 평양국제관계대학;NULL;평양국제관계대학교;대학교;북한;year_평양국제관계대학교_대학교_북한
409;김계관;연도미상 평양외국어대학, 평양국제관계대학;NULL;평양외국어대학교;대학교;북한;year_평양외국어대학교_대학교_북한
416;계응태;1948. 소련고급당학교;1948;고급당학교;대학교;러시아;1948_고급당학교_대학교_러시아
416;계응태;연도미상 남만주대학;NULL;남만주대학교;대학교;북한;year_남만주대학교_대학교_북한
417;김기남;연도미상김일성종합대학, 만경대혁명학원, 모스크바국제대학;NULL;김일성종합대학교;대학교;북한;year_김일성종합대학교_대학교_북한
417;김기남;연도미상김일성종합대학, 만경대혁명학원, 모스크바국제대학;NULL;만경대혁명학원;대학교;북한;year_만경대혁명학원_대학교_북한
417;김기남;연도미상김일성종합대학, 만경대혁명학원, 모스크바국제대학;NULL;모스크바국제대학교;대학교;러시아;year_모스크바국제대학교_대학교_러시아
418;김태봉;연도미상 김책공업종합대학 졸업;NULL;김책공업종합대학;대학교;북한;year_김책공업종합대학_대학교_북한
419;오금철;연도미상 만경대혁명학원, 김책공군대학, 소련공군아카데미 졸업;NULL;김책공군대학교;대학교;북한;year_김책공군대학교_대학교_북한
419;오금철;연도미상 만경대혁명학원, 김책공군대학, 소련공군아카데미 졸업;NULL;만경대혁명학원;특수학교;북한;year_만경대혁명학원_특수학교_북한
419;오금철;연도미상 만경대혁명학원, 김책공군대학, 소련공군아카데미 졸업;NULL;소련공군아카데미;대학교;러시아;year_소련공군아카데미_대학교_러시아
420;려춘석;연도미상 김일성군사종합대학 졸업;NULL;김일성군사종합대학교;대학교;북한;year_김일성군사종합대학교_대학교_북한
422;현철해;1947. 1 만경대혁명학원, 김일성종합대, 루마니아공학대 졸업;1947;만경대혁명학원;특수학교;북한;1947_만경대혁명학원_특수학교_북한
422;현철해;연도미상 루마니아 유학;NULL;NULL;NULL;루마니아;year_name_level_루마니아
422;현철해;1947. 1 만경대혁명학원, 김일성종합대, 루마니아공학대 졸업;NULL;김일성종합대학교;대학교;북한;year_김일성종합대학교_대학교_북한
422;현철해;1947. 1 만경대혁명학원, 김일성종합대, 루마니아공학대 졸업;NULL;루마니아공학대학교;대학교;루마니아;year_루마니아공학대학교_대학교_루마니아
423;김경희;연도미상김일성종합대학, 모스크바대학;NULL;김일성종합대학교;대학교;북한;year_김일성종합대학교_대학교_북한
423;김경희;연도미상김일성종합대학, 모스크바대학;NULL;모스크바대학교;대학교;러시아;year_모스크바대학교_대학교_러시아
424;박명철;연도미상 평양체육대학교;NULL;평양체육대학교;대학교;북한;year_평양체육대학교_대학교_북한
426;권희경;연도미상 김일성종합대학;NULL;김일성종합대학교;대학교;북한;year_김일성종합대학교_대학교_북한
427;김격식;연도미상강건군관학교 졸업;NULL;강건군관학교;특수학교;북한;year_강건군관학교_특수학교_북한
430;강능수;연도미상김일성종합대학 조선어문학부 졸업;NULL;김일성종합대학교;대학교;북한;year_김일성종합대학교_대학교_북한
432;김영춘;연도미상 김일성군사종합대학, 만경대혁명학원, 소련 푸룬제아카데미 졸업;NULL;김일성군사종합대학교;대학교;북한;year_김일성군사종합대학교_대학교_북한
432;김영춘;연도미상 김일성군사종합대학, 만경대혁명학원, 소련 푸룬제아카데미 졸업;NULL;만경대혁명학원;특수학교;북한;year_만경대혁명학원_특수학교_북한
432;김영춘;연도미상 김일성군사종합대학, 만경대혁명학원, 소련 푸룬제아카데미 졸업;NULL;푸룬제아카데미;특수학교;러시아;year_푸룬제아카데미_특수학교_러시아
434;박의춘;연도미상 국제관계대학 졸업;NULL;국제관계대학교;대학교;북한;year_국제관계대학교_대학교_북한
436;김중린;1947. 중앙당학교;1947;중앙당학교;특수학교;북한;1947_중앙당학교_특수학교_북한
436;김중린;1953. 소련고급당학교;1953;소련고급당학교;특수학교;러시아;1953_소련고급당학교_특수학교_러시아
440;전병호;연도미상 만경대혁명학원, 김일성종합대, 모스크바대 졸업;NULL;김일성종합대학교;대학교;북한;year_김일성종합대학교_대학교_북한
440;전병호;연도미상 만경대혁명학원, 김일성종합대, 모스크바대 졸업;NULL;만경대혁명학원;특수학교;북한;year_만경대혁명학원_특수학교_북한
440;전병호;연도미상 만경대혁명학원, 김일성종합대, 모스크바대 졸업;NULL;모스크바대학교;대학교;러시아;year_모스크바대학교_대학교_러시아
441;김영일;연도미상  함경북도 나진해운대학 졸업;NULL;나진해운대학교;대학교;북한;year_나진해운대학교_대학교_북한
449;김영재;연도미상 김일성종합대학 외문학부 영어과 졸업;NULL;김일성종합대학교;대학교;북한;year_김일성종합대학교_대학교_북한
450;김병팔;연도미상 만경대혁명학원, 소련 도네프로페드롭스크 야금대학;NULL;만경대혁명학원;특수학교;북한;year_만경대혁명학원_특수학교_북한
450;김병팔;연도미상 만경대혁명학원, 소련 도네프로페드롭스크 야금대학;NULL;야금대학교;대학교;북한;year_야금대학교_대학교_북한
451;홍선옥;연도미상 김일성종합대학, 국제관계대학 졸업;NULL;군제관계대학교;대학교;북한;year_군제관계대학교_대학교_북한
451;홍선옥;연도미상 김일성종합대학, 국제관계대학 졸업;NULL;김일성종합대학교;대학교;북한;year_김일성종합대학교_대학교_북한
452;박재경;연도미상 김일성정치군사대학 졸업;NULL;김일성정치군사대학교;대학교;북한;year_김일성정치군사대학교_대학교_북한
453;김명국;연도미상김일성군사종합대학, 소련 프룬제군사대학 졸업;NULL;김일성군사종합대학교;대학교;북한;year_김일성군사종합대학교_대학교_북한
453;김명국;연도미상김일성군사종합대학, 소련 프룬제군사대학 졸업;NULL;프룬제군사대학교;대학교;러시아;year_프룬제군사대학교_대학교_러시아
454;김양건;연도미상 김일성종합대학 불어과 졸업;NULL;김일성종합대학교;대학교;북한;year_김일성종합대학교_대학교_북한
456;태종수;연도민상 만경대혁명학원 졸업;NULL;만경대혁명학원;특수학교;북한;year_만경대혁명학원_특수학교_북한
458;변영립;연도미상 김일성종합대학 졸업;NULL;김일성종합대학교;대학교;북한;year_김일성종합대학교_대학교_북한
460;김태종;연도미상 평양국제관계대학 졸업;NULL;평양국제관계대학교;대학교;북한;year_평양국제관계대학교_대학교_북한
462;우동측;연도미상 김일성종합대학 졸업;NULL;김일성종합대학교;대학교;북한;year_김일성종합대학교_대학교_북한
463;원동연;연도미상 김일성종합대 정치경제학과 졸업;NULL;김일성종합대학교;대학교;북한;year_김일성종합대학교_대학교_북한
464;안경호;연도미상 김일성종합대학 철학박사;NULL;김일성종합대학교;대학교;북한;year_김일성종합대학교_대학교_북한
481;태형철;연도미상 김일성종합대학 졸업;NULL;김일성종합대학교;대학교;북한;year_김일성종합대학교_대학교_북한
484;김일본;연도미상 타쉬켄트 종합대학;NULL;타쉬켄트종합대학교;대학교;우즈베키스탄;year_타쉬켄트종합대학교_대학교_우즈베키스탄
492;연형묵;연도미상 만경대혁명학원, 김일성종합대학;NULL;김일성종합대학교;대학교;북한;year_김일성종합대학교_대학교_북한
492;연형묵;연도미상 만경대혁명학원, 김일성종합대학;NULL;만경대혁명학원;특수학교;북한;year_만경대혁명학원_특수학교_북한
498;문경덕;연도미상 김일성종합대학 졸업;NULL;김일성종합대학교;대학교;북한;year_김일성종합대학교_대학교_북한
499;박정순;연도미상  중앙당학교;NULL;중앙당학교;특수학교;북한;year_중앙당학교_특수학교_북한
500;전일춘;연도미상 평양남산고급중학교 졸업;NULL;평양남산고급중학교;고등중학교;북한;year_평양남산고급중학교_고등중학교_북한
501;리영수;연도미상 김일성종합대학 졸업;NULL;김일성종합대학교;대학교;북한;year_김일성종합대학교_대학교_북한
502;오일정;연도미상 김일성종합대 경제학과, 김일성군사종합대학 졸업;NULL;김일성군사종합대학교;대학교;북한;year_김일성군사종합대학교_대학교_북한
502;오일정;연도미상 김일성종합대 경제학과, 김일성군사종합대학 졸업;NULL;김일성종합대학교;대학교;북한;year_김일성종합대학교_대학교_북한
505;리자방;연도미상 김일성종합대학 졸업;NULL;김일성종합대학교;대학교;북한;year_김일성종합대학교_대학교_북한
513;리용호;연도미상 평양외국어대학;NULL;평양외국어대학교;대학교;북한;year_평양외국어대학교_대학교_북한
515;한광상;연도미상 김일성고급당학교 졸업;NULL;김일성고급당학교;특수학교;북한;year_김일성고급당학교_특수학교_북한
519;이철리;연도미상 김일성종합대학, 국제관계대학 불어과 졸업;NULL;국제관계대학교;대학교;북한;year_국제관계대학교_대학교_북한
519;이철리;연도미상 김일성종합대학, 국제관계대학 불어과 졸업;NULL;김일성종합대학교;대학교;북한;year_김일성종합대학교_대학교_북한
520;김창섭;연도미상 김일성고급당학교 졸업;NULL;김일성고급당학교;특수학교;북한;year_김일성고급당학교_특수학교_북한
541;강영호;연도미상김일성종합대학 졸업;NULL;김일성종합대학교;대학교;북한;year_김일성종합대학교_대학교_북한
561;지재룡;연도미상 김일성종합대학 외국어문학부;NULL;김일성종합대학교;대학교;북한;year_김일성종합대학교_대학교_북한
604;리제선;연도미상 김일성종합대학 핵물리학과 졸업;NULL;김일성종합대학교;대학교;북한;year_김일성종합대학교_대학교_북한
605;리종산;연도미상 중앙보안간부학교;NULL;중앙보안간부학교;특수학교;북한;year_중앙보안간부학교_특수학교_북한
607;리찬복;연도미상 국제관계대학 영어과 졸업;NULL;국제관계대학교;대학교;북한;year_국제관계대학교_대학교_북한
609;자성남;연도미상  국제관계대학 졸업;NULL;국제관계대학교;대학교;북한;year_국제관계대학교_대학교_북한
611;장웅;2008. 7 사회정치학 박사학위 취득;2008;NULL;학사 이상;북한;2008_name_학사 이상_북한
611;장웅;연도미상 평양외국어대학 졸업;NULL;평양외국어대학교;대학교;북한;year_평양외국어대학교_대학교_북한
612;장윤곤;연도미상 김일성종합대학 졸업;NULL;김일성종합대학교;대학교;북한;year_김일성종합대학교_대학교_북한
613;장혜명;1986. 김일성종합대학 조선문학부 졸업;1986;김일성종합대학교;대학교;북한;1986_김일성종합대학교_대학교_북한
614;전승훈;연대미상 김책공업대학 졸업;NULL;김책공업대학교;대학교;북한;year_김책공업대학교_대학교_북한
615;전영진;연도미상 국제관계대학 졸업;NULL;국제관계대학교;대학교;북한;year_국제관계대학교_대학교_북한
616;전재선;연대미상 김일성군사종합대학 졸업;NULL;김일성군사종합대학교;대학교;북한;year_김일성군사종합대학교_대학교_북한
619;정명학;연도미상 만경대혁명학원 졸업;NULL;만경대혁명학원;특수학교;북한;year_만경대혁명학원_특수학교_북한
621;정태양;연도미상  김일성종합대학 졸업;NULL;김일성종합대학교;대학교;북한;year_김일성종합대학교_대학교_북한
622;정하철;1950. 김일성종합대학 철학과 졸업;1950;김일성종합대학교;대학교;북한;1950_김일성종합대학교_대학교_북한
624;조현주;연도미상 김일성종합대학 경제학부 졸업;NULL;김일성종합대학교;대학교;북한;year_김일성종합대학교_대학교_북한
627;주동찬;연대미상 평양건설건재대학 졸업;NULL;평양건설건재대학교;대학교;북한;year_평양건설건재대학교_대학교_북한
630;차승수;연도미상 김일성종합대학 졸업;NULL;김일성종합대학교;대학교;북한;year_김일성종합대학교_대학교_북한
633;최수헌;연도미상 국제관계대학;NULL;국제관계대학교;대학교;북한;year_국제관계대학교_대학교_북한
634;최영건;연도미상 김책공업대학 졸업;NULL;김일성종합대학교;대학교;북한;year_김일성종합대학교_대학교_북한
635;최룡수;연도미상 김일성종합대학 졸업;NULL;김일성종합대학교;대학교;북한;year_김일성종합대학교_대학교_북한
636;최칠남;연도미상 김일성종합대학 졸업;NULL;김일성종합대학교;대학교;북한;year_김일성종합대학교_대학교_북한
637;한봉춘;연도미상 김책공업대학 졸업;NULL;김일성종합대학교;대학교;북한;year_김일성종합대학교_대학교_북한
638;한성렬;연도미상 김일성종합대학 정치경제학과 졸업;NULL;김일성종합대학교;대학교;북한;year_김일성종합대학교_대학교_북한
639;허종;연도미상 평양외국어대학 졸업;NULL;평양외국어대학교;대학교;북한;year_평양외국어대학교_대학교_북한
641;홍일천;연도미상 김일성종합대학 경제학부;NULL;김일성종합대학교;대학교;북한;year_김일성종합대학교_대학교_북한
642;황봉영;연도미상 평양사범대학 졸업;NULL;평양사범대학교;대학교;북한;year_평양사범대학교_대학교_북한
645;구본태;연도미상인민경제대학 졸업;NULL;인민경제대학교;대학교;북한;year_인민경제대학교_대학교_북한
647;권호웅;1995. 4 김일성종합대학 학생위원회 대표;1995;김일성종합대학교;대학교;북한;1995_김일성종합대학교_대학교_북한
647;권호웅;연도미상김일성종합대학 졸업;NULL;김일성종합대학교;대학교;북한;year_김일성종합대학교_대학교_북한
648;김경호;연도미상국제관계대학 졸업;NULL;국제관계대학교;대학교;북한;year_국제관계대학교_대학교_북한
651;김동운;연도미상 청진광산금속대학 졸업;NULL;청진광산금속대학교;대학교;중국;year_청진광산금속대학교_대학교_중국
652;김만길;연도미상 평양기계대학 졸업;NULL;평양기계대학교;대학교;북한;year_평양기계대학교_대학교_북한
653;김명길;연도미상 김일성종합대학 졸업;NULL;김일성종합대학교;대학교;북한;year_김일성종합대학교_대학교_북한
654;김병훈;연도미상 평양사범대학 졸업;NULL;평양사범대학교;대학교;북한;year_평양사범대학교_대학교_북한
655;김복신;1946.～50.김일성종합대학 경제학과 졸업;1946;김일성종합대학교;대학교;북한;1946_김일성종합대학교_대학교_북한
655;김복신;1954. 중앙당학교;1954;중앙당학교;특수학교;북한;1954_중앙당학교_특수학교_북한
657;김성국;연도미상 김일성종합대학 조선어문학부 졸업;NULL;김일성군사종합대학교;대학교;북한;year_김일성군사종합대학교_대학교_북한
658;김수학;연도미상 함흥의과대학;NULL;함흥의과대학교;대학교;북한;year_함흥의과대학교_대학교_북한
659;김승현;연도미상 함흥수리대 졸업;NULL;함흥수리대학교;대학교;북한;year_함흥수리대학교_대학교_북한
660;김시학;연도미상 체코프라하공대, 만경대혁명학원, 모스크바종합대;NULL;만경대혁명학원;특수학교;북한;year_만경대혁명학원_특수학교_북한
660;김시학;연도미상 체코프라하공대, 만경대혁명학원, 모스크바종합대;NULL;모스크바종합대학교;대학교;러시아;year_모스크바종합대학교_대학교_러시아
660;김시학;연도미상 체코프라하공대, 만경대혁명학원, 모스크바종합대;NULL;체코프라하공대;대학교;체코;year_체코프라하공대_대학교_체코
662;김양점;연도미상 김일성군사종합대학 졸업;NULL;김일성군사종합대학교;대학교;북한;year_김일성군사종합대학교_대학교_북한
663;김령성;연도미상 김일성종합대학 조선어문학부 졸업;NULL;김일성종합대학교;대학교;북한;year_김일성종합대학교_대학교_북한
664;김영숙;연도미상 인민경제대학 졸업;NULL;인민경제대학교;대학교;북한;year_인민경제대학교_대학교_북한
666;김완수;연도미상 김일성종합대학 정치경제학부 졸업;NULL;김일성종합대학교;대학교;북한;year_김일성종합대학교_대학교_북한
667;김용삼;연도미상 평양교통고등학교;NULL;평양교통학교;특수학교;북한;year_평양교통학교_특수학교_북한
668;김용술;연도미상 인민경제대학 졸업;NULL;인민경제대학교;대학교;북한;year_인민경제대학교_대학교_북한
669;김유호;연도미상 함흥화학공업대학 졸업;NULL;함흥화학공업대학교;대학교;북한;year_함흥화학공업대학교_대학교_북한
672;김정기;연도미상 김일성종합대학 졸업;NULL;김일성종합대학교;대학교;북한;year_김일성종합대학교_대학교_북한
673;김정호;연도미상 김일성종합대학;NULL;김일성종합대학교;대학교;북한;year_김일성종합대학교_대학교_북한
685;박동춘;연도미상 평양외국어대학 졸업;NULL;평양외국어대학교;대학교;북한;year_평양외국어대학교_대학교_북한
686;박명국;연도미상 신의주외국어학원, 국제관계대학;NULL;국제관계대학교;대학교;북한;year_국제관계대학교_대학교_북한
686;박명국;연도미상 신의주외국어학원, 국제관계대학;NULL;신의주외국어학원;특수학교;북한;year_신의주외국어학원_특수학교_북한
691;박진식;연도미상 김일성종합대학 어문학부(영문) 졸업;NULL;김일성종합대학교;대학교;북한;year_김일성종합대학교_대학교_북한
701;송석환;연도미상 평양음악대학;NULL;평양음악대학교;대학교;북한;year_평양음악대학교_대학교_북한
702;송일호;연도미상 김형직사범대학 졸업;NULL;김형직사범대학교;대학교;북한;year_김형직사범대학교_대학교_북한
705;오광철;연도미상 김일성종합대 프랑스어과 졸업;NULL;김일성종합대학교;대학교;북한;year_김일성종합대학교_대학교_북한
706;오길방;연도미상 김일성종합대학 졸업;NULL;김일성종합대학교;대학교;북한;year_김일성종합대학교_대학교_북한
707;우두태;연도미상 문평제련소 공장대학 야금과;NULL;공장대학;대학교;북한;year_공장대학_대학교_북한
708;리경식;연도미상 계응상사리원농업대학 졸업;NULL;계응상사리원농업대학교;대학교;북한;year_계응상사리원농업대학교_대학교_북한
710;리근;연도미상 김일성종합대학 독문학과;NULL;김일성종합대학교;대학교;북한;year_김일성종합대학교_대학교_북한
711;이금범;연도미상 평양체신대학 전자공학;NULL;평양체신대학교;대학교;북한;year_평양체신대학교_대학교_북한
712;리길송;연도미상 만경대혁명학원, 레닌그라드공대 졸업;NULL;레닌그라드공대;대학교;러시아;year_레닌그라드공대_대학교_러시아
712;리길송;연도미상 만경대혁명학원, 레닌그라드공대 졸업;NULL;만경대혁명학원;특수학교;북한;year_만경대혁명학원_특수학교_북한
713;리동호;연도미상 체육대학 졸업;NULL;체육대학교;대학교;북한;year_체육대학교_대학교_북한
717;리수용;연도미상 김일성종합대학, 국제관계대학 불어과 졸업;NULL;국제관계대학교;대학교;북한;year_국제관계대학교_대학교_북한
717;리수용;연도미상 김일성종합대학, 국제관계대학 불어과 졸업;NULL;김일성종합대학교;대학교;북한;year_김일성종합대학교_대학교_북한
782;강지영;연도미상김책공업대학 졸업;NULL;김책공업대학교;대학교;북한;year_김책공업대학교_대학교_북한
783;권혁봉;연도미상김일성종합대학 졸업;NULL;김일성종합대학교;대학교;북한;year_김일성종합대학교_대학교_북한
799;심철호;연도미상 김일성종합대학 졸업;NULL;김일성종합대학교;대학교;북한;year_김일성종합대학교_대학교_북한
804;조연준;연도미상 김일성종합대학 졸업;NULL;김일성종합대학교;대학교;북한;year_김일성종합대학교_대학교_북한
807;강관주;1960. 김일성종합대학 역사학부 졸업;1960;김일성종합대학교;대학교;북한;1960_김일성종합대학교_대학교_북한
807;강관주;연도미상김일성고급당학교 졸업;NULL;김일성고급당학교;특수학교;북한;year_김일성고급당학교_특수학교_북한
