LeaderID,EducationDateString_2022,EducationSchoolString_2022,EducationMajorString_2022,EducationGraduationStatus_2022,MOUID_2015,Name_2015,EducationString_2015,SchoolYear_2015,SchoolName_2015,SchoolLevel_2015,SchoolRegion_2015,SchoolStringConcat_2015
강관주,1960,김일성종합대학,,졸업,807,강관주,1960. 김일성종합대학 역사학부 졸업,1960,김일성종합대학교,대학교,북한,1960_김일성종합대학교_대학교_북한
강관주,1960,김일성종합대학,,졸업,807,강관주,연도미상김일성고급당학교 졸업,,김일성고급당학교,특수학교,북한,year_김일성고급당학교_특수학교_북한
강관주,연도미상,김일성 고급당학교,,졸업,807,강관주,1960. 김일성종합대학 역사학부 졸업,1960,김일성종합대학교,대학교,북한,1960_김일성종합대학교_대학교_북한
강관주,연도미상,김일성 고급당학교,,졸업,807,강관주,연도미상김일성고급당학교 졸업,,김일성고급당학교,특수학교,북한,year_김일성고급당학교_특수학교_북한
강능수,연도미상,김일성종합대학,조선어문학,졸업,430,강능수,연도미상김일성종합대학 조선어문학부 졸업,,김일성종합대학교,대학교,북한,year_김일성종합대학교_대학교_북한
강민철,연도미상,김책공업종합대학,,졸업,288,강민철,연도미상 김책공업종합대학 졸업,,김책공업종합대학,대학교,북한,year_김책공업종합대학_대학교_북한
강석숭,연도미상,김일성종합대학,,미상,156,강석숭,"연도미상 김일성종합대학, 소련 모스크바종합대학",,김일성종합대학교,대학교,북한,year_김일성종합대학교_대학교_북한
강석숭,연도미상,김일성종합대학,,미상,156,강석숭,"연도미상 김일성종합대학, 소련 모스크바종합대학",,모스크바종합대학교,대학교,러시아,year_모스크바종합대학교_대학교_러시아
강석숭,연도미상,모스크바대학교,,미상,156,강석숭,"연도미상 김일성종합대학, 소련 모스크바종합대학",,김일성종합대학교,대학교,북한,year_김일성종합대학교_대학교_북한
강석숭,연도미상,모스크바대학교,,미상,156,강석숭,"연도미상 김일성종합대학, 소련 모스크바종합대학",,모스크바종합대학교,대학교,러시아,year_모스크바종합대학교_대학교_러시아
강석주,연도미상,평양외국어대학,영어,미상,394,강석주,"연도미상평양외국어대학(영어), 국제관계대학(불어) 졸업",,국제관계대학교,대학교,북한,year_국제관계대학교_대학교_북한
강석주,연도미상,평양외국어대학,영어,미상,394,강석주,"연도미상평양외국어대학(영어), 국제관계대학(불어) 졸업",,평양외국어대학교,대학교,북한,year_평양외국어대학교_대학교_북한
강석주,연도미상,국제관계대학,불어,미상,394,강석주,"연도미상평양외국어대학(영어), 국제관계대학(불어) 졸업",,국제관계대학교,대학교,북한,year_국제관계대학교_대학교_북한
강석주,연도미상,국제관계대학,불어,미상,394,강석주,"연도미상평양외국어대학(영어), 국제관계대학(불어) 졸업",,평양외국어대학교,대학교,북한,year_평양외국어대학교_대학교_북한
강성산,연도미상,김일성종합대학,,미상,146,강성산,"연도미상 만경대혁명학원, 김일성종합대학",,김일성종합대학교,대학교,북한,year_김일성종합대학교_대학교_북한
강성산,연도미상,김일성종합대학,,미상,146,강성산,"연도미상 만경대혁명학원, 김일성종합대학",,만경대혁명학원,특수학교,북한,year_만경대혁명학원_특수학교_북한
강성산,연도미상,만경대혁명학원,,미상,146,강성산,"연도미상 만경대혁명학원, 김일성종합대학",,김일성종합대학교,대학교,북한,year_김일성종합대학교_대학교_북한
강성산,연도미상,만경대혁명학원,,미상,146,강성산,"연도미상 만경대혁명학원, 김일성종합대학",,만경대혁명학원,특수학교,북한,year_만경대혁명학원_특수학교_북한
강성산,연도미상,체코 프라하공대,,미상,146,강성산,"연도미상 만경대혁명학원, 김일성종합대학",,김일성종합대학교,대학교,북한,year_김일성종합대학교_대학교_북한
강성산,연도미상,체코 프라하공대,,미상,146,강성산,"연도미상 만경대혁명학원, 김일성종합대학",,만경대혁명학원,특수학교,북한,year_만경대혁명학원_특수학교_북한
강영섭,연도미상,레닌그라드대,,미상,148,강영섭,"연도미상 레닌그라드대, 평양신학원",,레닌그라드대학교,대학교,러시아,year_레닌그라드대학교_대학교_러시아
강영섭,연도미상,레닌그라드대,,미상,148,강영섭,"연도미상 레닌그라드대, 평양신학원",,평양신학원,특수학교,북한,year_평양신학원_특수학교_북한
강영호,연도미상,김일성종합대학,,졸업,541,강영호,연도미상김일성종합대학 졸업,,김일성종합대학교,대학교,북한,year_김일성종합대학교_대학교_북한
강지영,연도미상,김책공업종합대학,,졸업,782,강지영,연도미상김책공업대학 졸업,,김책공업대학교,대학교,북한,year_김책공업대학교_대학교_북한
계응태,연도미상,남만주대학,,미상,416,계응태,1948. 소련고급당학교,1948,고급당학교,대학교,러시아,1948_고급당학교_대학교_러시아
계응태,연도미상,남만주대학,,미상,416,계응태,연도미상 남만주대학,,남만주대학교,대학교,북한,year_남만주대학교_대학교_북한
계응태,연도미상,소련고급당학교,,미상,416,계응태,1948. 소련고급당학교,1948,고급당학교,대학교,러시아,1948_고급당학교_대학교_러시아
계응태,연도미상,소련고급당학교,,미상,416,계응태,연도미상 남만주대학,,남만주대학교,대학교,북한,year_남만주대학교_대학교_북한
곽범기,연도미상,희천공업대학,,졸업,365,곽범기,연도미상희천공업대학 졸업,,희천공업대학교,대학교,북한,year_희천공업대학교_대학교_북한
구본태,연도미상,인민경제대학,,졸업,645,구본태,연도미상인민경제대학 졸업,,인민경제대학교,대학교,북한,year_인민경제대학교_대학교_북한
구본태,연도미상,김일성종합대학,,기타,645,구본태,연도미상인민경제대학 졸업,,인민경제대학교,대학교,북한,year_인민경제대학교_대학교_북한
궁석웅,연도미상,평양국제관계대학,,졸업,142,궁석웅,"연도미상평양외국어대학, 평양국제관계대학 졸업",,평양국제관계대학교,대학교,북한,year_평양국제관계대학교_대학교_북한
궁석웅,연도미상,평양국제관계대학,,졸업,142,궁석웅,"연도미상평양외국어대학, 평양국제관계대학 졸업",,평양외국어대학교,대학교,북한,year_평양외국어대학교_대학교_북한
권혁봉,연도미상,김일성종합대학,철학부,미상,783,권혁봉,연도미상김일성종합대학 졸업,,김일성종합대학교,대학교,북한,year_김일성종합대학교_대학교_북한
권호웅,연도미상,김일성종합대학,,졸업,647,권호웅,1995. 4 김일성종합대학 학생위원회 대표,1995,김일성종합대학교,대학교,북한,1995_김일성종합대학교_대학교_북한
권호웅,연도미상,김일성종합대학,,졸업,647,권호웅,연도미상김일성종합대학 졸업,,김일성종합대학교,대학교,북한,year_김일성종합대학교_대학교_북한
권희경,연도미상,김일성종합대학,,미상,426,권희경,연도미상 김일성종합대학,,김일성종합대학교,대학교,북한,year_김일성종합대학교_대학교_북한
김격식,연도미상,강건군관학교,,졸업,427,김격식,연도미상강건군관학교 졸업,,강건군관학교,특수학교,북한,year_강건군관학교_특수학교_북한
김경호a,연도미상,국제관계대학,,미상,648,김경호,연도미상국제관계대학 졸업,,국제관계대학교,대학교,북한,year_국제관계대학교_대학교_북한
김경희,연도미상,김일성종합대학,,미상,423,김경희,"연도미상김일성종합대학, 모스크바대학",,김일성종합대학교,대학교,북한,year_김일성종합대학교_대학교_북한
김경희,연도미상,김일성종합대학,,미상,423,김경희,"연도미상김일성종합대학, 모스크바대학",,모스크바대학교,대학교,러시아,year_모스크바대학교_대학교_러시아
김경희,연도미상,모스크바대학교,,미상,423,김경희,"연도미상김일성종합대학, 모스크바대학",,김일성종합대학교,대학교,북한,year_김일성종합대학교_대학교_북한
김경희,연도미상,모스크바대학교,,미상,423,김경희,"연도미상김일성종합대학, 모스크바대학",,모스크바대학교,대학교,러시아,year_모스크바대학교_대학교_러시아
김계관,연도미상,평양외국어대학,,미상,409,김계관,"연도미상 평양외국어대학, 평양국제관계대학",,평양국제관계대학교,대학교,북한,year_평양국제관계대학교_대학교_북한
김계관,연도미상,평양외국어대학,,미상,409,김계관,"연도미상 평양외국어대학, 평양국제관계대학",,평양외국어대학교,대학교,북한,year_평양외국어대학교_대학교_북한
김계관,연도미상,국제관계대학,,미상,409,김계관,"연도미상 평양외국어대학, 평양국제관계대학",,평양국제관계대학교,대학교,북한,year_평양국제관계대학교_대학교_북한
김계관,연도미상,국제관계대학,,미상,409,김계관,"연도미상 평양외국어대학, 평양국제관계대학",,평양외국어대학교,대학교,북한,year_평양외국어대학교_대학교_북한
김국태,연도미상,고급당학교,,졸업,139,김국태,"연도미상 김일성종합대학, 모스크바대학, 고급당학교 졸업",,고급당학교,특수학교,북한,year_고급당학교_특수학교_북한
김국태,연도미상,고급당학교,,졸업,139,김국태,"연도미상 김일성종합대학, 모스크바대학, 고급당학교 졸업",,김일성종합대학교,대학교,북한,year_김일성종합대학교_대학교_북한
김국태,연도미상,고급당학교,,졸업,139,김국태,"연도미상 김일성종합대학, 모스크바대학, 고급당학교 졸업",,모스크바대학교,대학교,러시아,year_모스크바대학교_대학교_러시아
김기남,연도미상,김일성종합대학,,미상,417,김기남,"연도미상김일성종합대학, 만경대혁명학원, 모스크바국제대학",,김일성종합대학교,대학교,북한,year_김일성종합대학교_대학교_북한
김기남,연도미상,김일성종합대학,,미상,417,김기남,"연도미상김일성종합대학, 만경대혁명학원, 모스크바국제대학",,만경대혁명학원,대학교,북한,year_만경대혁명학원_대학교_북한
김기남,연도미상,김일성종합대학,,미상,417,김기남,"연도미상김일성종합대학, 만경대혁명학원, 모스크바국제대학",,모스크바국제대학교,대학교,러시아,year_모스크바국제대학교_대학교_러시아
김기남,연도미상,모스크바국제대학,,미상,417,김기남,"연도미상김일성종합대학, 만경대혁명학원, 모스크바국제대학",,김일성종합대학교,대학교,북한,year_김일성종합대학교_대학교_북한
김기남,연도미상,모스크바국제대학,,미상,417,김기남,"연도미상김일성종합대학, 만경대혁명학원, 모스크바국제대학",,만경대혁명학원,대학교,북한,year_만경대혁명학원_대학교_북한
김기남,연도미상,모스크바국제대학,,미상,417,김기남,"연도미상김일성종합대학, 만경대혁명학원, 모스크바국제대학",,모스크바국제대학교,대학교,러시아,year_모스크바국제대학교_대학교_러시아
김기남,연도미상,만경대혁명학원,,미상,417,김기남,"연도미상김일성종합대학, 만경대혁명학원, 모스크바국제대학",,김일성종합대학교,대학교,북한,year_김일성종합대학교_대학교_북한
김기남,연도미상,만경대혁명학원,,미상,417,김기남,"연도미상김일성종합대학, 만경대혁명학원, 모스크바국제대학",,만경대혁명학원,대학교,북한,year_만경대혁명학원_대학교_북한
김기남,연도미상,만경대혁명학원,,미상,417,김기남,"연도미상김일성종합대학, 만경대혁명학원, 모스크바국제대학",,모스크바국제대학교,대학교,러시아,year_모스크바국제대학교_대학교_러시아
김기룡,연도미상,김일성종합대학,,졸업,272,김기룡,연도미상 김일성종합대학 졸업,,김일성종합대학교,대학교,북한,year_김일성종합대학교_대학교_북한
김락희,연도미상,인민경제대학,,졸업,252,김락희,"연도미상 개천여자중학교, 인민경제대학 졸업",,개천여자중학교,고등중학교,북한,year_개천여자중학교_고등중학교_북한
김락희,연도미상,인민경제대학,,졸업,252,김락희,"연도미상 개천여자중학교, 인민경제대학 졸업",,인민경제대학교,대학교,북한,year_인민경제대학교_대학교_북한
김락희,연도미상,개천여자중학교,,미상,252,김락희,"연도미상 개천여자중학교, 인민경제대학 졸업",,개천여자중학교,고등중학교,북한,year_개천여자중학교_고등중학교_북한
김락희,연도미상,개천여자중학교,,미상,252,김락희,"연도미상 개천여자중학교, 인민경제대학 졸업",,인민경제대학교,대학교,북한,year_인민경제대학교_대학교_북한
김령성,연도미상,김일성종합대학,조선어문학,미상,663,김령성,연도미상 김일성종합대학 조선어문학부 졸업,,김일성종합대학교,대학교,북한,year_김일성종합대학교_대학교_북한
김류호,연도미상,함흥화학공업대학,,미상,,1948_name_특수학교_,,,,,,
김명국,연도미상,김일성군사종합대학교,,졸업,453,김명국,"연도미상김일성군사종합대학, 소련 프룬제군사대학 졸업",,김일성군사종합대학교,대학교,북한,year_김일성군사종합대학교_대학교_북한
김명국,연도미상,김일성군사종합대학교,,졸업,453,김명국,"연도미상김일성군사종합대학, 소련 프룬제군사대학 졸업",,프룬제군사대학교,대학교,러시아,year_프룬제군사대학교_대학교_러시아
김명길a,연도미상,김일성종합대학,,미상,653,김명길,연도미상 김일성종합대학 졸업,,김일성종합대학교,대학교,북한,year_김일성종합대학교_대학교_북한
김병률,연도미상,만경대혁명학원,,미상,131,김병률,"연도미상 만경대혁명학원, 체코 프라하공대 졸업",,만경대혁명학원,특수학교,북한,year_만경대혁명학원_특수학교_북한
김병률,연도미상,만경대혁명학원,,미상,131,김병률,"연도미상 만경대혁명학원, 체코 프라하공대 졸업",,체코프라하공대,대학교,체코,year_체코프라하공대_대학교_체코
김병팔,연도미상,소련 도네프로페드롭스크 야금대학,,미상,450,김병팔,"연도미상 만경대혁명학원, 소련 도네프로페드롭스크 야금대학",,만경대혁명학원,특수학교,북한,year_만경대혁명학원_특수학교_북한
김병팔,연도미상,소련 도네프로페드롭스크 야금대학,,미상,450,김병팔,"연도미상 만경대혁명학원, 소련 도네프로페드롭스크 야금대학",,야금대학교,대학교,북한,year_야금대학교_대학교_북한
김병팔,연도미상,만경대혁명학원,,미상,450,김병팔,"연도미상 만경대혁명학원, 소련 도네프로페드롭스크 야금대학",,만경대혁명학원,특수학교,북한,year_만경대혁명학원_특수학교_북한
김병팔,연도미상,만경대혁명학원,,미상,450,김병팔,"연도미상 만경대혁명학원, 소련 도네프로페드롭스크 야금대학",,야금대학교,대학교,북한,year_야금대학교_대학교_북한
김병훈,연도미상,평양사범대학,,미상,654,김병훈,연도미상 평양사범대학 졸업,,평양사범대학교,대학교,북한,year_평양사범대학교_대학교_북한
김봉철,연도미상,김일성종합대학,,미상,145,김봉철,연도미상 김일성종합대학 졸업,,김일성종합대학교,대학교,북한,year_김일성종합대학교_대학교_북한
김성기,연도미상,천진남개대,,미상,,,,,,,,
김성애,연도미상,평양여자사범대,,미상,125,김성애,"연도미상 평양여자사범대학, 김일성종합대학 졸업",,김일성종합대학교,대학교,북한,year_김일성종합대학교_대학교_북한
김성애,연도미상,평양여자사범대,,미상,125,김성애,"연도미상 평양여자사범대학, 김일성종합대학 졸업",,평양여자사범대학,대학교,북한,year_평양여자사범대학_대학교_북한
김시학,연도미상,김일성종합대학,,미상,660,김시학,"연도미상 체코프라하공대, 만경대혁명학원, 모스크바종합대",,만경대혁명학원,특수학교,북한,year_만경대혁명학원_특수학교_북한
김시학,연도미상,김일성종합대학,,미상,660,김시학,"연도미상 체코프라하공대, 만경대혁명학원, 모스크바종합대",,모스크바종합대학교,대학교,러시아,year_모스크바종합대학교_대학교_러시아
김시학,연도미상,김일성종합대학,,미상,660,김시학,"연도미상 체코프라하공대, 만경대혁명학원, 모스크바종합대",,체코프라하공대,대학교,체코,year_체코프라하공대_대학교_체코
김시학,연도미상,체코프라하공대,,미상,660,김시학,"연도미상 체코프라하공대, 만경대혁명학원, 모스크바종합대",,만경대혁명학원,특수학교,북한,year_만경대혁명학원_특수학교_북한
김시학,연도미상,체코프라하공대,,미상,660,김시학,"연도미상 체코프라하공대, 만경대혁명학원, 모스크바종합대",,모스크바종합대학교,대학교,러시아,year_모스크바종합대학교_대학교_러시아
김시학,연도미상,체코프라하공대,,미상,660,김시학,"연도미상 체코프라하공대, 만경대혁명학원, 모스크바종합대",,체코프라하공대,대학교,체코,year_체코프라하공대_대학교_체코
김양건,연도미상,김일성종합대학,불어과,미상,454,김양건,연도미상 김일성종합대학 불어과 졸업,,김일성종합대학교,대학교,북한,year_김일성종합대학교_대학교_북한
김양점,연도미상,김일성군사종합대학교,,미상,662,김양점,연도미상 김일성군사종합대학 졸업,,김일성군사종합대학교,대학교,북한,year_김일성군사종합대학교_대학교_북한
김여정,연도미상,김일성종합대학,특설반,졸업,,1948_name_특수학교_,,,,,,
김영남,연도미상,김일성종합대학,,미상,115,김영남,1953. 모스크바대학(외교학 전공),1953,모스크바대학,대학교,러시아,1953_모스크바대학_대학교_러시아
김영남,연도미상,김일성종합대학,,미상,115,김영남,연도미상 김일성종합대학 졸업,,김일성종합대학교,대학교,북한,year_김일성종합대학교_대학교_북한
김영남,1953,모스크바대학교,외교학,미상,115,김영남,1953. 모스크바대학(외교학 전공),1953,모스크바대학,대학교,러시아,1953_모스크바대학_대학교_러시아
김영남,1953,모스크바대학교,외교학,미상,115,김영남,연도미상 김일성종합대학 졸업,,김일성종합대학교,대학교,북한,year_김일성종합대학교_대학교_북한
김영대,연도미상,김일성종합대학,,기타,350,김영대,연도미상 김일성종합대학 3년 수료,,김일성종합대학교,대학교,북한,year_김일성종합대학교_대학교_북한
김영숙,연도미상,인민경제대학,,미상,664,김영숙,연도미상 인민경제대학 졸업,,인민경제대학교,대학교,북한,year_인민경제대학교_대학교_북한
김영일a,연도미상,국제관계대학,,미상,351,김영일,"연도미상 국제관계대학, 해주혁명학원, 평양외국어대학 졸업",,국제관계대학교,대학교,북한,year_국제관계대학교_대학교_북한
김영일a,연도미상,국제관계대학,,미상,351,김영일,"연도미상 국제관계대학, 해주혁명학원, 평양외국어대학 졸업",,평양외국어대학교,대학교,북한,year_평양외국어대학교_대학교_북한
김영일a,연도미상,국제관계대학,,미상,351,김영일,"연도미상 국제관계대학, 해주혁명학원, 평양외국어대학 졸업",,해주혁명학원,특수학교,북한,year_해주혁명학원_특수학교_북한
김영일b,연도미상,나진해운대학,,미상,441,김영일,연도미상  함경북도 나진해운대학 졸업,,나진해운대학교,대학교,북한,year_나진해운대학교_대학교_북한
김영재,연도미상,김일성종합대학,영어과,미상,449,김영재,연도미상 김일성종합대학 외문학부 영어과 졸업,,김일성종합대학교,대학교,북한,year_김일성종합대학교_대학교_북한
김영주,연도미상,모스크바대학교,정경학부,미상,333,김영주,1945. 모스크바종합대학(정경학부),1945,모스크바종합대학교,대학교,러시아,1945_모스크바종합대학교_대학교_러시아
김영주,연도미상,모스크바대학교,정경학부,미상,333,김영주,1952. 모스크바고급당학교 연구반,1952,모스크바종합대학교,대학교,러시아,1952_모스크바종합대학교_대학교_러시아
김영주,연도미상,모스크바고급당학교,연구반,미상,333,김영주,1945. 모스크바종합대학(정경학부),1945,모스크바종합대학교,대학교,러시아,1945_모스크바종합대학교_대학교_러시아
김영주,연도미상,모스크바고급당학교,연구반,미상,333,김영주,1952. 모스크바고급당학교 연구반,1952,모스크바종합대학교,대학교,러시아,1952_모스크바종합대학교_대학교_러시아
김영철a,연도미상,만경대혁명학원,,졸업,334,김영철,"연도미상 만경대혁명학원, 김일성군사종합대학 졸업",,만경대혁명학원,특수학교,북한,year_만경대혁명학원_특수학교_북한
김영철a,연도미상,만경대혁명학원,,졸업,334,김영철,"연도미상 만경대혁명학원, 김일성군사종합대학 졸업",,모스크바고급당학교,특수학교,러시아,year_모스크바고급당학교_특수학교_러시아
김영철a,연도미상,김일성군사종합대학교,,졸업,334,김영철,"연도미상 만경대혁명학원, 김일성군사종합대학 졸업",,만경대혁명학원,특수학교,북한,year_만경대혁명학원_특수학교_북한
김영철a,연도미상,김일성군사종합대학교,,졸업,334,김영철,"연도미상 만경대혁명학원, 김일성군사종합대학 졸업",,모스크바고급당학교,특수학교,러시아,year_모스크바고급당학교_특수학교_러시아
김영춘,연도미상,김일성군사종합대학교,,졸업,432,김영춘,"연도미상 김일성군사종합대학, 만경대혁명학원, 소련 푸룬제아카데미 졸업",,김일성군사종합대학교,대학교,북한,year_김일성군사종합대학교_대학교_북한
김영춘,연도미상,김일성군사종합대학교,,졸업,432,김영춘,"연도미상 김일성군사종합대학, 만경대혁명학원, 소련 푸룬제아카데미 졸업",,만경대혁명학원,특수학교,북한,year_만경대혁명학원_특수학교_북한
김영춘,연도미상,김일성군사종합대학교,,졸업,432,김영춘,"연도미상 김일성군사종합대학, 만경대혁명학원, 소련 푸룬제아카데미 졸업",,푸룬제아카데미,특수학교,러시아,year_푸룬제아카데미_특수학교_러시아
김영춘,연도미상,만경대혁명학원,,미상,432,김영춘,"연도미상 김일성군사종합대학, 만경대혁명학원, 소련 푸룬제아카데미 졸업",,김일성군사종합대학교,대학교,북한,year_김일성군사종합대학교_대학교_북한
김영춘,연도미상,만경대혁명학원,,미상,432,김영춘,"연도미상 김일성군사종합대학, 만경대혁명학원, 소련 푸룬제아카데미 졸업",,만경대혁명학원,특수학교,북한,year_만경대혁명학원_특수학교_북한
김영춘,연도미상,만경대혁명학원,,미상,432,김영춘,"연도미상 김일성군사종합대학, 만경대혁명학원, 소련 푸룬제아카데미 졸업",,푸룬제아카데미,특수학교,러시아,year_푸룬제아카데미_특수학교_러시아
김영춘,연도미상,소련 푸른제 군사대학,,미상,432,김영춘,"연도미상 김일성군사종합대학, 만경대혁명학원, 소련 푸룬제아카데미 졸업",,김일성군사종합대학교,대학교,북한,year_김일성군사종합대학교_대학교_북한
김영춘,연도미상,소련 푸른제 군사대학,,미상,432,김영춘,"연도미상 김일성군사종합대학, 만경대혁명학원, 소련 푸룬제아카데미 졸업",,만경대혁명학원,특수학교,북한,year_만경대혁명학원_특수학교_북한
김영춘,연도미상,소련 푸른제 군사대학,,미상,432,김영춘,"연도미상 김일성군사종합대학, 만경대혁명학원, 소련 푸룬제아카데미 졸업",,푸룬제아카데미,특수학교,러시아,year_푸룬제아카데미_특수학교_러시아
김완수a,연도미상,김일성종합대학,,미상,320,김완수,연도미상 김일성종합대학,,김일성종합대학교,대학교,북한,year_김일성종합대학교_대학교_북한
김용순,1954 ~ 1956,모스크바대학교,,미상,319,김용순,1948.～54. 김일성종합대학,1948,김일성종합대학교,대학교,북한,1948_김일성종합대학교_대학교_북한
김용순,1954 ~ 1956,모스크바대학교,,미상,319,김용순,1954.～56. 소련 모스크바대학,1954,모스크바대학교,대학교,러시아,1954_모스크바대학교_대학교_러시아
김용순,1949 ~ 1954,김일성종합대학,,미상,319,김용순,1948.～54. 김일성종합대학,1948,김일성종합대학교,대학교,북한,1948_김일성종합대학교_대학교_북한
김용순,1949 ~ 1954,김일성종합대학,,미상,319,김용순,1954.～56. 소련 모스크바대학,1954,모스크바대학교,대학교,러시아,1954_모스크바대학교_대학교_러시아
김용진,연도미상,김형직사범대학,,미상,380,김용진,연도미상 김형직사범대학 졸업,,김형직사범대학교,대학교,북한,year_김형직사범대학교_대학교_북한
김원균,연도미상,소련유학,,미상,302,김원균,"연도미상 일본음악학교, 소련유학",,,,러시아,year_name_level_러시아
김원균,연도미상,소련유학,,미상,302,김원균,"연도미상 일본음악학교, 소련유학",,,,일본,year_name_level_일본
김원균,연도미상,일본음악학교,,미상,302,김원균,"연도미상 일본음악학교, 소련유학",,,,러시아,year_name_level_러시아
김원균,연도미상,일본음악학교,,미상,302,김원균,"연도미상 일본음악학교, 소련유학",,,,일본,year_name_level_일본
김원홍,연도미상,김일성군사종합대학,,미상,352,김원홍,연도미상 김일성정치군사대학 졸업,,김일성정치군사대학교,대학교,북한,year_김일성정치군사대학교_대학교_북한
김윤혁a,연도미상,김책공업종합대학,,미상,,,,,,,,
김윤혁a,연도미상,레닌그라드공대,,미상,,,,,,,,
김익현,연도미상,김일성고급당학교,,미상,281,김익현,연도미상 김일성고급당학교,,김일성고급당학교,특수학교,북한,year_김일성고급당학교_특수학교_북한
김인식,연도미상,김책공대,,졸업,,,,,,,,
김일,연도미상,타쉬겐트종합대,,미상,,1948_name_특수학교_,,,,,,
김일성,1927,만주 길림 육문중 수학(중퇴),,미상,248,김일성,1923. 2 창덕학교 입학,1923,창덕학교,인민학교,북한,1923_창덕학교_인민학교_북한
김일성,1927,만주 길림 육문중 수학(중퇴),,미상,248,김일성,1925. 만주 무송 제1소학교 전학,1925,제1소학교,인민학교,북한,1925_제1소학교_인민학교_북한
김일성,1927,만주 길림 육문중 수학(중퇴),,미상,248,김일성,1926. 화성의숙(전현) 전학,1926,화성의숙,고등중학교,만주,1926_화성의숙_고등중학교_만주
김일성,1927,만주 길림 육문중 수학(중퇴),,미상,248,김일성,"1927. 만주 길림 육문중 수학(중퇴), 공산청년동맹 가입",1927,육문중학교,고등중학교,북한,1927_육문중학교_고등중학교_북한
김일성,1926,화성의숙(전현) 전학,,미상,248,김일성,1923. 2 창덕학교 입학,1923,창덕학교,인민학교,북한,1923_창덕학교_인민학교_북한
김일성,1926,화성의숙(전현) 전학,,미상,248,김일성,1925. 만주 무송 제1소학교 전학,1925,제1소학교,인민학교,북한,1925_제1소학교_인민학교_북한
김일성,1926,화성의숙(전현) 전학,,미상,248,김일성,1926. 화성의숙(전현) 전학,1926,화성의숙,고등중학교,만주,1926_화성의숙_고등중학교_만주
김일성,1926,화성의숙(전현) 전학,,미상,248,김일성,"1927. 만주 길림 육문중 수학(중퇴), 공산청년동맹 가입",1927,육문중학교,고등중학교,북한,1927_육문중학교_고등중학교_북한
김일성,1925,만주 무송 제1소학교 전학,,미상,248,김일성,1923. 2 창덕학교 입학,1923,창덕학교,인민학교,북한,1923_창덕학교_인민학교_북한
김일성,1925,만주 무송 제1소학교 전학,,미상,248,김일성,1925. 만주 무송 제1소학교 전학,1925,제1소학교,인민학교,북한,1925_제1소학교_인민학교_북한
김일성,1925,만주 무송 제1소학교 전학,,미상,248,김일성,1926. 화성의숙(전현) 전학,1926,화성의숙,고등중학교,만주,1926_화성의숙_고등중학교_만주
김일성,1925,만주 무송 제1소학교 전학,,미상,248,김일성,"1927. 만주 길림 육문중 수학(중퇴), 공산청년동맹 가입",1927,육문중학교,고등중학교,북한,1927_육문중학교_고등중학교_북한
김일성,1923.02,창덕학교,,미상,248,김일성,1923. 2 창덕학교 입학,1923,창덕학교,인민학교,북한,1923_창덕학교_인민학교_북한
김일성,1923.02,창덕학교,,미상,248,김일성,1925. 만주 무송 제1소학교 전학,1925,제1소학교,인민학교,북한,1925_제1소학교_인민학교_북한
김일성,1923.02,창덕학교,,미상,248,김일성,1926. 화성의숙(전현) 전학,1926,화성의숙,고등중학교,만주,1926_화성의숙_고등중학교_만주
김일성,1923.02,창덕학교,,미상,248,김일성,"1927. 만주 길림 육문중 수학(중퇴), 공산청년동맹 가입",1927,육문중학교,고등중학교,북한,1927_육문중학교_고등중학교_북한
김일철a,1962,소련해군학,,미상,262,김일철,1948. 훈련소 졸업후 원산기지 해군함정 부중대장 임관,1948,,특수학교,,
김일철a,1962,소련해군학,,미상,262,김일철,1958. 해군대학 졸업,1958,해군대학교,대학교,러시아,1958_해군대학교_대학교_러시아
김일철a,1962,소련해군학,,미상,262,김일철,1962. 소련 해군대학 유학,1962,해군대학교,대학교,러시아,1962_해군대학교_대학교_러시아
김일철a,1962,소련해군학,,미상,262,김일철,연도미상 만경대혁명학원 졸업,,만경대혁명학원,특수학교,북한,year_만경대혁명학원_특수학교_북한
김일철a,연도미상 ~ 1959,해군대학,,미상,262,김일철,1948. 훈련소 졸업후 원산기지 해군함정 부중대장 임관,1948,,특수학교,,
김일철a,연도미상 ~ 1959,해군대학,,미상,262,김일철,1958. 해군대학 졸업,1958,해군대학교,대학교,러시아,1958_해군대학교_대학교_러시아
김일철a,연도미상 ~ 1959,해군대학,,미상,262,김일철,1962. 소련 해군대학 유학,1962,해군대학교,대학교,러시아,1962_해군대학교_대학교_러시아
김일철a,연도미상 ~ 1959,해군대학,,미상,262,김일철,연도미상 만경대혁명학원 졸업,,만경대혁명학원,특수학교,북한,year_만경대혁명학원_특수학교_북한
김일철a,연도미상,만경대혁명학원,,미상,262,김일철,1948. 훈련소 졸업후 원산기지 해군함정 부중대장 임관,1948,,특수학교,,
김일철a,연도미상,만경대혁명학원,,미상,262,김일철,1958. 해군대학 졸업,1958,해군대학교,대학교,러시아,1958_해군대학교_대학교_러시아
김일철a,연도미상,만경대혁명학원,,미상,262,김일철,1962. 소련 해군대학 유학,1962,해군대학교,대학교,러시아,1962_해군대학교_대학교_러시아
김일철a,연도미상,만경대혁명학원,,미상,262,김일철,연도미상 만경대혁명학원 졸업,,만경대혁명학원,특수학교,북한,year_만경대혁명학원_특수학교_북한
김정각,연도미상,김일성군사종합대학교,,미상,369,김정각,연도미상 김일성군사종합대학 졸업,,김일성군사종합대학교,대학교,북한,year_김일성군사종합대학교_대학교_북한
김정기,연도미상,김일성종합대학,,미상,672,김정기,연도미상 김일성종합대학 졸업,,김일성종합대학교,대학교,북한,year_김일성종합대학교_대학교_북한
김정일,1960.09 ~ 1964.03,김일성종합대학,정치경제학,미상,231,김정일,1950.~52. 중국 길림학원(6.25 당시 자강도 장자산 피신 주장),1950,길림학원,특수학교,중국,1950_길림학원_특수학교_중국
김정일,1960.09 ~ 1964.03,김일성종합대학,정치경제학,미상,231,김정일,1952.11~53. 만경대혁명학원,1952,만경대혁명학원,특수학교,북한,1952_만경대혁명학원_특수학교_북한
김정일,1960.09 ~ 1964.03,김일성종합대학,정치경제학,미상,231,김정일,"1953.～54. 삼석인민학교, 평양제4인민학교",1953,삼석인민학교,인민학교,북한,1953_삼석인민학교_인민학교_북한
김정일,1960.09 ~ 1964.03,김일성종합대학,정치경제학,미상,231,김정일,"1953.～54. 삼석인민학교, 평양제4인민학교",1953,평양제4인민학교,인민학교,북한,1953_평양제4인민학교_인민학교_북한
김정일,1960.09 ~ 1964.03,김일성종합대학,정치경제학,미상,231,김정일,1960.9～64.3 김일성종합대학 정치경제학과,1960,김일성종합대학교,대학교,북한,1960_김일성종합대학교_대학교_북한
김정일,1957 ~ 1960.07,남산고급중학교(민청 부위원장),,미상,231,김정일,1950.~52. 중국 길림학원(6.25 당시 자강도 장자산 피신 주장),1950,길림학원,특수학교,중국,1950_길림학원_특수학교_중국
김정일,1957 ~ 1960.07,남산고급중학교(민청 부위원장),,미상,231,김정일,1952.11~53. 만경대혁명학원,1952,만경대혁명학원,특수학교,북한,1952_만경대혁명학원_특수학교_북한
김정일,1957 ~ 1960.07,남산고급중학교(민청 부위원장),,미상,231,김정일,"1953.～54. 삼석인민학교, 평양제4인민학교",1953,삼석인민학교,인민학교,북한,1953_삼석인민학교_인민학교_북한
김정일,1957 ~ 1960.07,남산고급중학교(민청 부위원장),,미상,231,김정일,"1953.～54. 삼석인민학교, 평양제4인민학교",1953,평양제4인민학교,인민학교,북한,1953_평양제4인민학교_인민학교_북한
김정일,1957 ~ 1960.07,남산고급중학교(민청 부위원장),,미상,231,김정일,1960.9～64.3 김일성종합대학 정치경제학과,1960,김일성종합대학교,대학교,북한,1960_김일성종합대학교_대학교_북한
김정일,1954 ~ 1957,평양제1중학교(소년단 위원장),,미상,231,김정일,1950.~52. 중국 길림학원(6.25 당시 자강도 장자산 피신 주장),1950,길림학원,특수학교,중국,1950_길림학원_특수학교_중국
김정일,1954 ~ 1957,평양제1중학교(소년단 위원장),,미상,231,김정일,1952.11~53. 만경대혁명학원,1952,만경대혁명학원,특수학교,북한,1952_만경대혁명학원_특수학교_북한
김정일,1954 ~ 1957,평양제1중학교(소년단 위원장),,미상,231,김정일,"1953.～54. 삼석인민학교, 평양제4인민학교",1953,삼석인민학교,인민학교,북한,1953_삼석인민학교_인민학교_북한
김정일,1954 ~ 1957,평양제1중학교(소년단 위원장),,미상,231,김정일,"1953.～54. 삼석인민학교, 평양제4인민학교",1953,평양제4인민학교,인민학교,북한,1953_평양제4인민학교_인민학교_북한
김정일,1954 ~ 1957,평양제1중학교(소년단 위원장),,미상,231,김정일,1960.9～64.3 김일성종합대학 정치경제학과,1960,김일성종합대학교,대학교,북한,1960_김일성종합대학교_대학교_북한
김정일,1953 ~ 1954,삼석인민학교,,미상,231,김정일,1950.~52. 중국 길림학원(6.25 당시 자강도 장자산 피신 주장),1950,길림학원,특수학교,중국,1950_길림학원_특수학교_중국
김정일,1953 ~ 1954,삼석인민학교,,미상,231,김정일,1952.11~53. 만경대혁명학원,1952,만경대혁명학원,특수학교,북한,1952_만경대혁명학원_특수학교_북한
김정일,1953 ~ 1954,삼석인민학교,,미상,231,김정일,"1953.～54. 삼석인민학교, 평양제4인민학교",1953,삼석인민학교,인민학교,북한,1953_삼석인민학교_인민학교_북한
김정일,1953 ~ 1954,삼석인민학교,,미상,231,김정일,"1953.～54. 삼석인민학교, 평양제4인민학교",1953,평양제4인민학교,인민학교,북한,1953_평양제4인민학교_인민학교_북한
김정일,1953 ~ 1954,삼석인민학교,,미상,231,김정일,1960.9～64.3 김일성종합대학 정치경제학과,1960,김일성종합대학교,대학교,북한,1960_김일성종합대학교_대학교_북한
김정일,1952.11 ~ 1953,만경대혁명학원,,미상,231,김정일,1950.~52. 중국 길림학원(6.25 당시 자강도 장자산 피신 주장),1950,길림학원,특수학교,중국,1950_길림학원_특수학교_중국
김정일,1952.11 ~ 1953,만경대혁명학원,,미상,231,김정일,1952.11~53. 만경대혁명학원,1952,만경대혁명학원,특수학교,북한,1952_만경대혁명학원_특수학교_북한
김정일,1952.11 ~ 1953,만경대혁명학원,,미상,231,김정일,"1953.～54. 삼석인민학교, 평양제4인민학교",1953,삼석인민학교,인민학교,북한,1953_삼석인민학교_인민학교_북한
김정일,1952.11 ~ 1953,만경대혁명학원,,미상,231,김정일,"1953.～54. 삼석인민학교, 평양제4인민학교",1953,평양제4인민학교,인민학교,북한,1953_평양제4인민학교_인민학교_북한
김정일,1952.11 ~ 1953,만경대혁명학원,,미상,231,김정일,1960.9～64.3 김일성종합대학 정치경제학과,1960,김일성종합대학교,대학교,북한,1960_김일성종합대학교_대학교_북한
김정일,1950 ~ 1952,중국 길림학원,,미상,231,김정일,1950.~52. 중국 길림학원(6.25 당시 자강도 장자산 피신 주장),1950,길림학원,특수학교,중국,1950_길림학원_특수학교_중국
김정일,1950 ~ 1952,중국 길림학원,,미상,231,김정일,1952.11~53. 만경대혁명학원,1952,만경대혁명학원,특수학교,북한,1952_만경대혁명학원_특수학교_북한
김정일,1950 ~ 1952,중국 길림학원,,미상,231,김정일,"1953.～54. 삼석인민학교, 평양제4인민학교",1953,삼석인민학교,인민학교,북한,1953_삼석인민학교_인민학교_북한
김정일,1950 ~ 1952,중국 길림학원,,미상,231,김정일,"1953.～54. 삼석인민학교, 평양제4인민학교",1953,평양제4인민학교,인민학교,북한,1953_평양제4인민학교_인민학교_북한
김정일,1950 ~ 1952,중국 길림학원,,미상,231,김정일,1960.9～64.3 김일성종합대학 정치경제학과,1960,김일성종합대학교,대학교,북한,1960_김일성종합대학교_대학교_북한
김정일,1948 ~ 1950,남산유치원,,미상,231,김정일,1950.~52. 중국 길림학원(6.25 당시 자강도 장자산 피신 주장),1950,길림학원,특수학교,중국,1950_길림학원_특수학교_중국
김정일,1948 ~ 1950,남산유치원,,미상,231,김정일,1952.11~53. 만경대혁명학원,1952,만경대혁명학원,특수학교,북한,1952_만경대혁명학원_특수학교_북한
김정일,1948 ~ 1950,남산유치원,,미상,231,김정일,"1953.～54. 삼석인민학교, 평양제4인민학교",1953,삼석인민학교,인민학교,북한,1953_삼석인민학교_인민학교_북한
김정일,1948 ~ 1950,남산유치원,,미상,231,김정일,"1953.～54. 삼석인민학교, 평양제4인민학교",1953,평양제4인민학교,인민학교,북한,1953_평양제4인민학교_인민학교_북한
김정일,1948 ~ 1950,남산유치원,,미상,231,김정일,1960.9～64.3 김일성종합대학 정치경제학과,1960,김일성종합대학교,대학교,북한,1960_김일성종합대학교_대학교_북한
김중린,연도미상,구소련 고급당학교,,미상,436,김중린,1947. 중앙당학교,1947,중앙당학교,특수학교,북한,1947_중앙당학교_특수학교_북한
김중린,연도미상,구소련 고급당학교,,미상,436,김중린,1953. 소련고급당학교,1953,소련고급당학교,특수학교,러시아,1953_소련고급당학교_특수학교_러시아
김중린,1947,중앙당학교,,미상,436,김중린,1947. 중앙당학교,1947,중앙당학교,특수학교,북한,1947_중앙당학교_특수학교_북한
김중린,1947,중앙당학교,,미상,436,김중린,1953. 소련고급당학교,1953,소련고급당학교,특수학교,러시아,1953_소련고급당학교_특수학교_러시아
김창섭,연도미상,김일성고급당학교,,미상,520,김창섭,연도미상 김일성고급당학교 졸업,,김일성고급당학교,특수학교,북한,year_김일성고급당학교_특수학교_북한
김철만,연도미상,소련 군사아카데미,,미상,114,김철만,연도미상 소련 군사아카데미 졸업,,군사아카데미,특수학교,러시아,year_군사아카데미_특수학교_러시아
김태봉,연도미상,김책공업종합대학,,미상,418,김태봉,연도미상 김책공업종합대학 졸업,,김책공업종합대학,대학교,북한,year_김책공업종합대학_대학교_북한
김태종,연도미상,국제관계대학,,미상,460,김태종,연도미상 평양국제관계대학 졸업,,평양국제관계대학교,대학교,북한,year_평양국제관계대학교_대학교_북한
김평일,1978 ~ 1981.08,김일성군사종합대학교,,미상,112,김평일,1970. 남산고등중학교 졸업,1970,남산고등중학교,고등중학교,북한,1970_남산고등중학교_고등중학교_북한
김평일,1978 ~ 1981.08,김일성군사종합대학교,,미상,112,김평일,1977. 8 김일성종합대학(경제학부) 졸업,1977,김일성종합대학교,대학교,북한,1977_김일성종합대학교_대학교_북한
김평일,1978 ~ 1981.08,김일성군사종합대학교,,미상,112,김평일,1978.～81.8 김일성군사종합대학교,1978,김일성군사종합대학교,대학교,북한,1978_김일성군사종합대학교_대학교_북한
김평일,1977.08,김일성종합대학,경제학부,미상,112,김평일,1970. 남산고등중학교 졸업,1970,남산고등중학교,고등중학교,북한,1970_남산고등중학교_고등중학교_북한
김평일,1977.08,김일성종합대학,경제학부,미상,112,김평일,1977. 8 김일성종합대학(경제학부) 졸업,1977,김일성종합대학교,대학교,북한,1977_김일성종합대학교_대학교_북한
김평일,1977.08,김일성종합대학,경제학부,미상,112,김평일,1978.～81.8 김일성군사종합대학교,1978,김일성군사종합대학교,대학교,북한,1978_김일성군사종합대학교_대학교_북한
김평해,연도미상,김일성종합대학,,졸업,348,김평해,연도미상 사범대학 졸업,,사범대학교,대학교,북한,year_사범대학교_대학교_북한
김형룡,연도미상,김일성군사대학,,미상,347,김형룡,"연도미상 통신군관학교, 김일성군사종합대학 졸업",,김일성군사종합대학교,대학교,북한,year_김일성군사종합대학교_대학교_북한
김형룡,연도미상,김일성군사대학,,미상,347,김형룡,"연도미상 통신군관학교, 김일성군사종합대학 졸업",,통신군관학교,특수학교,북한,year_통신군관학교_특수학교_북한
김형룡,연도미상,통신군관학교,,미상,347,김형룡,"연도미상 통신군관학교, 김일성군사종합대학 졸업",,김일성군사종합대학교,대학교,북한,year_김일성군사종합대학교_대학교_북한
김형룡,연도미상,통신군관학교,,미상,347,김형룡,"연도미상 통신군관학교, 김일성군사종합대학 졸업",,통신군관학교,특수학교,북한,year_통신군관학교_특수학교_북한
김형준,연도미상,청진사범대학,,졸업,234,김형준,연도미상 청진사범대학 졸업,,청진사범대학교,대학교,중국,year_청진사범대학교_대학교_중국
리경식,연도미상,계응상사리원농업대,,미상,708,리경식,연도미상 계응상사리원농업대학 졸업,,계응상사리원농업대학교,대학교,북한,year_계응상사리원농업대학교_대학교_북한
리광근,연도미상,김일성종합대학,독일어과,졸업,329,리광근,연도미상 김일성종합대학 독일어과,,김일성종합대학교,대학교,북한,year_김일성종합대학교_대학교_북한
리광호,연도미상,평성이과대,,미상,,1948_name_특수학교_,,,,,,
리근,연도미상,김일성종합대학,독문학과,미상,710,리근,연도미상 김일성종합대학 독문학과,,김일성종합대학교,대학교,북한,year_김일성종합대학교_대학교_북한
리길송,연도미상,만경대혁명학원,,미상,712,리길송,"연도미상 만경대혁명학원, 레닌그라드공대 졸업",,레닌그라드공대,대학교,러시아,year_레닌그라드공대_대학교_러시아
리길송,연도미상,만경대혁명학원,,미상,712,리길송,"연도미상 만경대혁명학원, 레닌그라드공대 졸업",,만경대혁명학원,특수학교,북한,year_만경대혁명학원_특수학교_북한
리길송,연도미상,레닌그라드공대,,미상,712,리길송,"연도미상 만경대혁명학원, 레닌그라드공대 졸업",,레닌그라드공대,대학교,러시아,year_레닌그라드공대_대학교_러시아
리길송,연도미상,레닌그라드공대,,미상,712,리길송,"연도미상 만경대혁명학원, 레닌그라드공대 졸업",,만경대혁명학원,특수학교,북한,year_만경대혁명학원_특수학교_북한
리동호,연도미상,체육대학,,미상,713,리동호,연도미상 체육대학 졸업,,체육대학교,대학교,북한,year_체육대학교_대학교_북한
리룡남,연도미상,북경외국어대,,미상,,,,,,,,
리명수,연도미상,김일성군사종합대학,,미상,,,,,,,,
리병삼,연도미상,김일성군사종합대학,,미상,,,,,,,,
리병철,연도미상,만경대혁명학원,,미상,378,리병철,연도미상 만경대혁명학원 졸업,,만경대혁명학원,특수학교,북한,year_만경대혁명학원_특수학교_북한
리수용,연도미상,김일성종합대학,,미상,717,리수용,"연도미상 김일성종합대학, 국제관계대학 불어과 졸업",,국제관계대학교,대학교,북한,year_국제관계대학교_대학교_북한
리수용,연도미상,김일성종합대학,,미상,717,리수용,"연도미상 김일성종합대학, 국제관계대학 불어과 졸업",,김일성종합대학교,대학교,북한,year_김일성종합대학교_대학교_북한
리수용,연도미상,국제관계대학,불어과,미상,717,리수용,"연도미상 김일성종합대학, 국제관계대학 불어과 졸업",,국제관계대학교,대학교,북한,year_국제관계대학교_대학교_북한
리수용,연도미상,국제관계대학,불어과,미상,717,리수용,"연도미상 김일성종합대학, 국제관계대학 불어과 졸업",,김일성종합대학교,대학교,북한,year_김일성종합대학교_대학교_북한
리영수,연도미상,김일성종합대학,,미상,501,리영수,연도미상 김일성종합대학 졸업,,김일성종합대학교,대학교,북한,year_김일성종합대학교_대학교_북한
리영수,연도미상,만경대혁명학원,,미상,501,리영수,연도미상 김일성종합대학 졸업,,김일성종합대학교,대학교,북한,year_김일성종합대학교_대학교_북한
리영호,연도미상,김일성군사종합대학교,,미상,393,리영호,연도미상 김일성군사종합대학 졸업,,김일성군사종합대학교,대학교,북한,year_김일성군사종합대학교_대학교_북한
리용무,연도미상,제2중앙정치학교,,미상,277,리용무,연도미상 제2중앙정치학교 졸업,,제2중앙정치학교,특수학교,북한,year_제2중앙정치학교_특수학교_북한
리용철b,연도미상,김일성종합대학,사회학부,미상,,,,,,,,
리용철b,연도미상,만경대혁명학원,,미상,,,,,,,,
리용호,연도미상,평양남산고등중학교,,미상,513,리용호,연도미상 평양외국어대학,,평양외국어대학교,대학교,북한,year_평양외국어대학교_대학교_북한
리용호,연도미상,평양외국어대학,영어과,미상,513,리용호,연도미상 평양외국어대학,,평양외국어대학교,대학교,북한,year_평양외국어대학교_대학교_북한
리을설,연도미상,소련 군사아카데미,,미상,258,리을설,연도미상 소련군사아카데미 졸업,,소련군사아카데미,특수학교,러시아,year_소련군사아카데미_특수학교_러시아
리일환,연도미상,김일성종합대학,,미상,,1948_name_특수학교_,,,,,,
리일환,연도미상,만경대혁명학원,,미상,,1948_name_특수학교_,,,,,,
리자방,연도미상,김일성종합대학,,미상,505,리자방,연도미상 김일성종합대학 졸업,,김일성종합대학교,대학교,북한,year_김일성종합대학교_대학교_북한
리제강,연도미상,김일성종합대학,,미상,245,리제강,연도미상 김일성종합대학 졸업,,김일성종합대학교,대학교,북한,year_김일성종합대학교_대학교_북한
리제선,연도미상,김일성종합대학,핵물리학과,미상,604,리제선,연도미상 김일성종합대학 핵물리학과 졸업,,김일성종합대학교,대학교,북한,year_김일성종합대학교_대학교_북한
리종산,연도미상,중앙보안간부학교,,미상,605,리종산,연도미상 중앙보안간부학교,,중앙보안간부학교,특수학교,북한,year_중앙보안간부학교_특수학교_북한
리종옥,연도미상,하얼빈공대,응용화학,미상,,,,,,,,
리종혁,연도미상,국제관계대학,불어과,미상,363,리종혁,"연도미상 김일성종합대학, 국제관계대학 졸업",,군제관계대학교,대학교,북한,year_군제관계대학교_대학교_북한
리종혁,연도미상,국제관계대학,불어과,미상,363,리종혁,"연도미상 김일성종합대학, 국제관계대학 졸업",,김일성종합대학교,대학교,북한,year_김일성종합대학교_대학교_북한
리종혁,연도미상,김일성종합대학,역사학,미상,363,리종혁,"연도미상 김일성종합대학, 국제관계대학 졸업",,군제관계대학교,대학교,북한,year_군제관계대학교_대학교_북한
리종혁,연도미상,김일성종합대학,역사학,미상,363,리종혁,"연도미상 김일성종합대학, 국제관계대학 졸업",,김일성종합대학교,대학교,북한,year_김일성종합대학교_대학교_북한
리찬복,연도미상,국제관계대학,영어과,미상,607,리찬복,연도미상 국제관계대학 영어과 졸업,,국제관계대학교,대학교,북한,year_국제관계대학교_대학교_북한
리태남,연도미상,평양건설건재대학,,졸업,212,리태남,연도미상 평양기계대학 졸업,,평양기계대학교,대학교,북한,year_평양기계대학교_대학교_북한
리하일,연도미상,소련군사대학교,,미상,368,리하일,"연도미상 만경대혁명학원, 소련군사대학 졸업",,만경대혁명학원,특수학교,북한,year_만경대혁명학원_특수학교_북한
리하일,연도미상,소련군사대학교,,미상,368,리하일,"연도미상 만경대혁명학원, 소련군사대학 졸업",,소련군사대학교,특수학교,러시아,year_소련군사대학교_특수학교_러시아
리하일,연도미상,만경대혁명학원,,미상,368,리하일,"연도미상 만경대혁명학원, 소련군사대학 졸업",,만경대혁명학원,특수학교,북한,year_만경대혁명학원_특수학교_북한
리하일,연도미상,만경대혁명학원,,미상,368,리하일,"연도미상 만경대혁명학원, 소련군사대학 졸업",,소련군사대학교,특수학교,러시아,year_소련군사대학교_특수학교_러시아
림경만,연도미상,김일성종합대학,외국어문학,미상,197,림경만,연도미상 김일성종합대학 외문학부 졸업,,김일성종합대학교,대학교,북한,year_김일성종합대학교_대학교_북한
림동옥,연도미상,김일성종합대학,,미상,211,림동옥,연도미상 김일성종합대학,,김일성종합대학교,대학교,북한,year_김일성종합대학교_대학교_북한
림상종,연도미상,김일성종합대학,,미상,110,림상종,연도미상 김일성종합대학,,김일성종합대학교,대학교,북한,year_김일성종합대학교_대학교_북한
마원춘,연도미상,평양건설건재대학,,미상,,1948_name_특수학교_,,,,,,
문경덕,연도미상,김일성종합대학,,미상,498,문경덕,연도미상 김일성종합대학 졸업,,김일성종합대학교,대학교,북한,year_김일성종합대학교_대학교_북한
문재철,연도미상,국제관계대학,,미상,155,문재철,연도미상 국제관계대학 졸업,,국제관계대학교,대학교,북한,year_국제관계대학교_대학교_북한
박경선,연도미상,김일성종합대학,외문학부,미상,151,박경선,연도미상  김일성종합대학 외문학부 졸업,,김일성종합대학교,대학교,북한,year_김일성종합대학교_대학교_북한
박관오,연도미상,김일성종합대학,원자력학부,미상,107,박관오,연도미상 김일성종합대학 원자력학부 졸업,,김일성종합대학교,대학교,북한,year_김일성종합대학교_대학교_북한
박관오,연도미상,모스크바대학교,물리대학,미상,107,박관오,연도미상 김일성종합대학 원자력학부 졸업,,김일성종합대학교,대학교,북한,year_김일성종합대학교_대학교_북한
박길연,연도미상,국제관계대학,,미상,166,박길연,연도미상 평양국제관계대학 졸업,,평양국제관계대학교,대학교,북한,year_평양국제관계대학교_대학교_북한
박도춘,연도미상,김일성고급당학교,,미상,344,박도춘,연도미상 김일성고급당학교 졸업,,김일성고급당학교,특수학교,북한,year_김일성고급당학교_특수학교_북한
박림수,연도미상,김일성군사종합대학,,미상,,,,,,,,
박명국,연도미상,국제관계대학,,미상,686,박명국,"연도미상 신의주외국어학원, 국제관계대학",,국제관계대학교,대학교,북한,year_국제관계대학교_대학교_북한
박명국,연도미상,국제관계대학,,미상,686,박명국,"연도미상 신의주외국어학원, 국제관계대학",,신의주외국어학원,특수학교,북한,year_신의주외국어학원_특수학교_북한
박명국,연도미상,평북 신의주 압록강외국어학원,,미상,686,박명국,"연도미상 신의주외국어학원, 국제관계대학",,국제관계대학교,대학교,북한,year_국제관계대학교_대학교_북한
박명국,연도미상,평북 신의주 압록강외국어학원,,미상,686,박명국,"연도미상 신의주외국어학원, 국제관계대학",,신의주외국어학원,특수학교,북한,year_신의주외국어학원_특수학교_북한
박봉주,연도미상,덕천공업대학,,미상,328,박봉주,연도미상 덕천공업대학 졸업,,덕천공업대학교,대학교,북한,year_덕천공업대학교_대학교_북한
박성철a,연도미상,일본상지대,,미상,,,,,,,,
박송봉,연도미상,루마니아 유학,,미상,313,박송봉,"1951.~57. 루마니아 유학 연도미상 당 조직지도부, 과학교육부, 기계공업부 등 근무 1970년대 당 중앙위 부부장",1951,,,루마니아,1951_name_level_루마니아
박송봉,연도미상,루마니아 유학,,미상,313,박송봉,연도미상 만경대혁명학원,,만경대혁명학원,특수학교,북한,year_만경대혁명학원_특수학교_북한
박송봉,연도미상,만경대혁명학원,,미상,313,박송봉,"1951.~57. 루마니아 유학 연도미상 당 조직지도부, 과학교육부, 기계공업부 등 근무 1970년대 당 중앙위 부부장",1951,,,루마니아,1951_name_level_루마니아
박송봉,연도미상,만경대혁명학원,,미상,313,박송봉,연도미상 만경대혁명학원,,만경대혁명학원,특수학교,북한,year_만경대혁명학원_특수학교_북한
박승원,연도미상,김일성군사종합대학교,,미상,360,박승원,연도미상 김일성군사종합대학,,김일성군사종합대학교,대학교,북한,year_김일성군사종합대학교_대학교_북한
박용석,연도미상,김일성종합대학,,미상,312,박용석,"연도미상 만경대혁명학원, 김일성종합대학, 소련 철도운수대학",,김일성종합대학교,대학교,북한,year_김일성종합대학교_대학교_북한
박용석,연도미상,김일성종합대학,,미상,312,박용석,"연도미상 만경대혁명학원, 김일성종합대학, 소련 철도운수대학",,만경대혁명학원,특수학교,북한,year_만경대혁명학원_특수학교_북한
박용석,연도미상,김일성종합대학,,미상,312,박용석,"연도미상 만경대혁명학원, 김일성종합대학, 소련 철도운수대학",,철도운수대학교,대학교,러시아,year_철도운수대학교_대학교_러시아
박용석,연도미상,만경대혁명학원,,미상,312,박용석,"연도미상 만경대혁명학원, 김일성종합대학, 소련 철도운수대학",,김일성종합대학교,대학교,북한,year_김일성종합대학교_대학교_북한
박용석,연도미상,만경대혁명학원,,미상,312,박용석,"연도미상 만경대혁명학원, 김일성종합대학, 소련 철도운수대학",,만경대혁명학원,특수학교,북한,year_만경대혁명학원_특수학교_북한
박용석,연도미상,만경대혁명학원,,미상,312,박용석,"연도미상 만경대혁명학원, 김일성종합대학, 소련 철도운수대학",,철도운수대학교,대학교,러시아,year_철도운수대학교_대학교_러시아
박용석,연도미상,소련철도운수대학,,미상,312,박용석,"연도미상 만경대혁명학원, 김일성종합대학, 소련 철도운수대학",,김일성종합대학교,대학교,북한,year_김일성종합대학교_대학교_북한
박용석,연도미상,소련철도운수대학,,미상,312,박용석,"연도미상 만경대혁명학원, 김일성종합대학, 소련 철도운수대학",,만경대혁명학원,특수학교,북한,year_만경대혁명학원_특수학교_북한
박용석,연도미상,소련철도운수대학,,미상,312,박용석,"연도미상 만경대혁명학원, 김일성종합대학, 소련 철도운수대학",,철도운수대학교,대학교,러시아,year_철도운수대학교_대학교_러시아
박용일,연도미상,김일성종합대학,정치경제학,미상,,,,,,,,
박의춘,연도미상,국제관계대학,,미상,434,박의춘,연도미상 국제관계대학 졸업,,국제관계대학교,대학교,북한,year_국제관계대학교_대학교_북한
박재경,연도미상,김일성군사종합대학,,미상,452,박재경,연도미상 김일성정치군사대학 졸업,,김일성정치군사대학교,대학교,북한,year_김일성정치군사대학교_대학교_북한
박정순,연도미상,중앙당학교,,미상,499,박정순,연도미상  중앙당학교,,중앙당학교,특수학교,북한,year_중앙당학교_특수학교_북한
박진식,연도미상,김일성종합대학,영문과,미상,691,박진식,연도미상 김일성종합대학 어문학부(영문) 졸업,,김일성종합대학교,대학교,북한,year_김일성종합대학교_대학교_북한
박태화,연도미상,인민경제대학,,미상,293,박태화,1934.~36. 보현사 불교학원,1934,불교학원,특수학교,북한,1934_불교학원_특수학교_북한
박태화,연도미상,인민경제대학,,미상,293,박태화,1955.~58. 인민경제대학,1955,인민경제대학교,대학교,북한,1955_인민경제대학교_대학교_북한
방강수,연도미상,김일성종합대학,정치경제학,미상,,,,,,,,
배달준,연도미상,체코 프다찌슬바다대,,미상,266,배달준,연도미상 체코 프라타슬라바대 졸업,,프라타슬라바대학교,대학교,체코,year_프라타슬라바대학교_대학교_체코
백남순,연도미상,김일성종합대학,,미상,276,백남순,연도미상 김일성종합대학,,김일성종합대학교,대학교,북한,year_김일성종합대학교_대학교_북한
백인준,연도미상,일본유학,,미상,274,백인준,"연도미상 연희전문 2년 중퇴, 일본유학",,,,일본,year_name_level_일본
백인준,연도미상,일본유학,,미상,274,백인준,"연도미상 연희전문 2년 중퇴, 일본유학",,연희전문학교,대학교,한국,year_연희전문학교_대학교_한국
백인준,연도미상,연희전문2년중퇴,,중퇴,274,백인준,"연도미상 연희전문 2년 중퇴, 일본유학",,,,일본,year_name_level_일본
백인준,연도미상,연희전문2년중퇴,,중퇴,274,백인준,"연도미상 연희전문 2년 중퇴, 일본유학",,연희전문학교,대학교,한국,year_연희전문학교_대학교_한국
백학림,연도미상,소련아카데미(유학),,미상,275,백학림,연도미상 소련아카데미 유학,,소련아카데미,특수학교,러시아,year_소련아카데미_특수학교_러시아
백학림,연도미상,중앙당 정치학교,,미상,275,백학림,연도미상 소련아카데미 유학,,소련아카데미,특수학교,러시아,year_소련아카데미_특수학교_러시아
변영립,연도미상,김일성종합대학,물리수학,미상,458,변영립,연도미상 김일성종합대학 졸업,,김일성종합대학교,대학교,북한,year_김일성종합대학교_대학교_북한
성자립,연도미상,만경대혁명학원,,미상,291,성자립,연도미상 만경대혁명학원 졸업,,만경대혁명학원,특수학교,북한,year_만경대혁명학원_특수학교_북한
송호경,1965,김일성종합대학,외문학부,미상,256,송호경,1965. 김일성종합대학 외문학부,1965,김일성종합대학교,대학교,북한,1965_김일성종합대학교_대학교_북한
신병철,연도미상,김일성종합대학,철학과,미상,,,,,,,,
안경호,연도미상,김일성종합대학,철학박사,미상,464,안경호,연도미상 김일성종합대학 철학박사,,김일성종합대학교,대학교,북한,year_김일성종합대학교_대학교_북한
양형섭,연도미상,모스크바대학교,정치경제학,미상,242,양형섭,1950. 소련모스크바대학 정치경제학부,1950,모스크바대학교,대학교,러시아,1950_모스크바대학교_대학교_러시아
양형섭,연도미상,모스크바대학교,정치경제학,미상,242,양형섭,"연도미상 중국 칭다오중학교, 김일성종합대학 졸업",,김일성종합대학교,대학교,북한,year_김일성종합대학교_대학교_북한
양형섭,연도미상,모스크바대학교,정치경제학,미상,242,양형섭,"연도미상 중국 칭다오중학교, 김일성종합대학 졸업",,칭다오중학교,고등중학교,중국,year_칭다오중학교_고등중학교_중국
양형섭,연도미상,김일성종합대학,,미상,242,양형섭,1950. 소련모스크바대학 정치경제학부,1950,모스크바대학교,대학교,러시아,1950_모스크바대학교_대학교_러시아
양형섭,연도미상,김일성종합대학,,미상,242,양형섭,"연도미상 중국 칭다오중학교, 김일성종합대학 졸업",,김일성종합대학교,대학교,북한,year_김일성종합대학교_대학교_북한
양형섭,연도미상,김일성종합대학,,미상,242,양형섭,"연도미상 중국 칭다오중학교, 김일성종합대학 졸업",,칭다오중학교,고등중학교,중국,year_칭다오중학교_고등중학교_중국
양형섭,연도미상,중국 칭다오중학교,,미상,242,양형섭,1950. 소련모스크바대학 정치경제학부,1950,모스크바대학교,대학교,러시아,1950_모스크바대학교_대학교_러시아
양형섭,연도미상,중국 칭다오중학교,,미상,242,양형섭,"연도미상 중국 칭다오중학교, 김일성종합대학 졸업",,김일성종합대학교,대학교,북한,year_김일성종합대학교_대학교_북한
양형섭,연도미상,중국 칭다오중학교,,미상,242,양형섭,"연도미상 중국 칭다오중학교, 김일성종합대학 졸업",,칭다오중학교,고등중학교,중국,year_칭다오중학교_고등중학교_중국
여원구,연도미상,모스크바대학교,,미상,,1948_name_특수학교_,,,,,,
연형묵,1953 ~ 1959,체코프라하공대,,미상,492,연형묵,"연도미상 만경대혁명학원, 김일성종합대학",,김일성종합대학교,대학교,북한,year_김일성종합대학교_대학교_북한
연형묵,1953 ~ 1959,체코프라하공대,,미상,492,연형묵,"연도미상 만경대혁명학원, 김일성종합대학",,만경대혁명학원,특수학교,북한,year_만경대혁명학원_특수학교_북한
연형묵,연도미상,김일성종합대학,,미상,492,연형묵,"연도미상 만경대혁명학원, 김일성종합대학",,김일성종합대학교,대학교,북한,year_김일성종합대학교_대학교_북한
연형묵,연도미상,김일성종합대학,,미상,492,연형묵,"연도미상 만경대혁명학원, 김일성종합대학",,만경대혁명학원,특수학교,북한,year_만경대혁명학원_특수학교_북한
연형묵,연도미상,만경대혁명학원,,미상,492,연형묵,"연도미상 만경대혁명학원, 김일성종합대학",,김일성종합대학교,대학교,북한,year_김일성종합대학교_대학교_북한
연형묵,연도미상,만경대혁명학원,,미상,492,연형묵,"연도미상 만경대혁명학원, 김일성종합대학",,만경대혁명학원,특수학교,북한,year_만경대혁명학원_특수학교_북한
오극렬,연도미상,소련 프룬제군사대학 유학,,미상,159,오극렬,1962. 소련 프룬제군사대학 유학,1962,프룬제군사대학교,대학교,러시아,1962_프룬제군사대학교_대학교_러시아
오극렬,연도미상,소련 프룬제군사대학 유학,,미상,159,오극렬,"연도미상 만경대혁명학원, 김일성종합대학 졸업",,김일성종합대학교,대학교,북한,year_김일성종합대학교_대학교_북한
오극렬,연도미상,소련 프룬제군사대학 유학,,미상,159,오극렬,"연도미상 만경대혁명학원, 김일성종합대학 졸업",,만경대혁명학원,특수학교,북한,year_만경대혁명학원_특수학교_북한
오극렬,연도미상,김일성종합대학,,미상,159,오극렬,1962. 소련 프룬제군사대학 유학,1962,프룬제군사대학교,대학교,러시아,1962_프룬제군사대학교_대학교_러시아
오극렬,연도미상,김일성종합대학,,미상,159,오극렬,"연도미상 만경대혁명학원, 김일성종합대학 졸업",,김일성종합대학교,대학교,북한,year_김일성종합대학교_대학교_북한
오극렬,연도미상,김일성종합대학,,미상,159,오극렬,"연도미상 만경대혁명학원, 김일성종합대학 졸업",,만경대혁명학원,특수학교,북한,year_만경대혁명학원_특수학교_북한
오극렬,연도미상,만경대혁명학원,,미상,159,오극렬,1962. 소련 프룬제군사대학 유학,1962,프룬제군사대학교,대학교,러시아,1962_프룬제군사대학교_대학교_러시아
오극렬,연도미상,만경대혁명학원,,미상,159,오극렬,"연도미상 만경대혁명학원, 김일성종합대학 졸업",,김일성종합대학교,대학교,북한,year_김일성종합대학교_대학교_북한
오극렬,연도미상,만경대혁명학원,,미상,159,오극렬,"연도미상 만경대혁명학원, 김일성종합대학 졸업",,만경대혁명학원,특수학교,북한,year_만경대혁명학원_특수학교_북한
오극렬,연도미상,공군대학,,미상,159,오극렬,1962. 소련 프룬제군사대학 유학,1962,프룬제군사대학교,대학교,러시아,1962_프룬제군사대학교_대학교_러시아
오극렬,연도미상,공군대학,,미상,159,오극렬,"연도미상 만경대혁명학원, 김일성종합대학 졸업",,김일성종합대학교,대학교,북한,year_김일성종합대학교_대학교_북한
오극렬,연도미상,공군대학,,미상,159,오극렬,"연도미상 만경대혁명학원, 김일성종합대학 졸업",,만경대혁명학원,특수학교,북한,year_만경대혁명학원_특수학교_북한
오금철,연도미상,소련공군아카데미,,미상,419,오금철,"연도미상 만경대혁명학원, 김책공군대학, 소련공군아카데미 졸업",,김책공군대학교,대학교,북한,year_김책공군대학교_대학교_북한
오금철,연도미상,소련공군아카데미,,미상,419,오금철,"연도미상 만경대혁명학원, 김책공군대학, 소련공군아카데미 졸업",,만경대혁명학원,특수학교,북한,year_만경대혁명학원_특수학교_북한
오금철,연도미상,소련공군아카데미,,미상,419,오금철,"연도미상 만경대혁명학원, 김책공군대학, 소련공군아카데미 졸업",,소련공군아카데미,대학교,러시아,year_소련공군아카데미_대학교_러시아
오금철,연도미상,김책공업종합대학,,미상,419,오금철,"연도미상 만경대혁명학원, 김책공군대학, 소련공군아카데미 졸업",,김책공군대학교,대학교,북한,year_김책공군대학교_대학교_북한
오금철,연도미상,김책공업종합대학,,미상,419,오금철,"연도미상 만경대혁명학원, 김책공군대학, 소련공군아카데미 졸업",,만경대혁명학원,특수학교,북한,year_만경대혁명학원_특수학교_북한
오금철,연도미상,김책공업종합대학,,미상,419,오금철,"연도미상 만경대혁명학원, 김책공군대학, 소련공군아카데미 졸업",,소련공군아카데미,대학교,러시아,year_소련공군아카데미_대학교_러시아
오금철,연도미상,만경대혁명학원,,미상,419,오금철,"연도미상 만경대혁명학원, 김책공군대학, 소련공군아카데미 졸업",,김책공군대학교,대학교,북한,year_김책공군대학교_대학교_북한
오금철,연도미상,만경대혁명학원,,미상,419,오금철,"연도미상 만경대혁명학원, 김책공군대학, 소련공군아카데미 졸업",,만경대혁명학원,특수학교,북한,year_만경대혁명학원_특수학교_북한
오금철,연도미상,만경대혁명학원,,미상,419,오금철,"연도미상 만경대혁명학원, 김책공군대학, 소련공군아카데미 졸업",,소련공군아카데미,대학교,러시아,year_소련공군아카데미_대학교_러시아
오수용,연도미상,김책공업종합대학,,미상,119,오수용,연도미상 김책공업종합대학 졸업,,김책공업종합대학,대학교,북한,year_김책공업종합대학_대학교_북한
오진우,연도미상,육군대학,,미상,221,오진우,"1945이전 빨치산 활동 연도미상 소련 보병학교, 육군대학",1945,소련보병학교,특수학교,러시아,1945_소련보병학교_특수학교_러시아
오진우,연도미상,소련 보병학교,,미상,221,오진우,"1945이전 빨치산 활동 연도미상 소련 보병학교, 육군대학",1945,소련보병학교,특수학교,러시아,1945_소련보병학교_특수학교_러시아
우동측,연도미상,김일성종합대학,,미상,462,우동측,연도미상 김일성종합대학 졸업,,김일성종합대학교,대학교,북한,year_김일성종합대학교_대학교_북한
원동연,연도미상,김일성종합대학,정치경제학,미상,463,원동연,연도미상 김일성종합대 정치경제학과 졸업,,김일성종합대학교,대학교,북한,year_김일성종합대학교_대학교_북한
윤기정,연도미상,김일성종합대학,,미상,103,윤기정,"연도미상 경기여고, 김일성종합대학",,김일성종합대학교,대학교,북한,year_김일성종합대학교_대학교_북한
윤기정,연도미상,경기여고,,미상,103,윤기정,"연도미상 경기여고, 김일성종합대학",,김일성종합대학교,대학교,북한,year_김일성종합대학교_대학교_북한
자성남,연도미상,국제관계대학,,미상,609,자성남,연도미상  국제관계대학 졸업,,국제관계대학교,대학교,북한,year_국제관계대학교_대학교_북한
장성우,연도미상,김일성군사종합대학교,,미상,172,장성우,"연도미상 만경대혁명대학원, 김일성군사종합대학",,김일성군사종합대학교,대학교,북한,year_김일성군사종합대학교_대학교_북한
장성우,연도미상,김일성군사종합대학교,,미상,172,장성우,"연도미상 만경대혁명대학원, 김일성군사종합대학",,만경대혁명학원,특수학교,북한,year_만경대혁명학원_특수학교_북한
장성우,연도미상,만경대혁명학원,,미상,172,장성우,"연도미상 만경대혁명대학원, 김일성군사종합대학",,김일성군사종합대학교,대학교,북한,year_김일성군사종합대학교_대학교_북한
장성우,연도미상,만경대혁명학원,,미상,172,장성우,"연도미상 만경대혁명대학원, 김일성군사종합대학",,만경대혁명학원,특수학교,북한,year_만경대혁명학원_특수학교_북한
장성택,연도미상,김일성종합대학,,미상,102,장성택,1969. 모스크바 유학,1969,,,러시아,1969_name_level_러시아
장성택,연도미상,김일성종합대학,,미상,102,장성택,연도미상 김일성종합대학,,김일성종합대학교,대학교,북한,year_김일성종합대학교_대학교_북한
장성택,1969,모스크바유학,,미상,102,장성택,1969. 모스크바 유학,1969,,,러시아,1969_name_level_러시아
장성택,1969,모스크바유학,,미상,102,장성택,연도미상 김일성종합대학,,김일성종합대학교,대학교,북한,year_김일성종합대학교_대학교_북한
장웅,연도미상,평양외국어대학,,미상,611,장웅,2008. 7 사회정치학 박사학위 취득,2008,,학사 이상,북한,2008_name_학사 이상_북한
장웅,연도미상,평양외국어대학,,미상,611,장웅,연도미상 평양외국어대학 졸업,,평양외국어대학교,대학교,북한,year_평양외국어대학교_대학교_북한
장윤곤,연도미상,김일성종합대학,,졸업,612,장윤곤,연도미상 김일성종합대학 졸업,,김일성종합대학교,대학교,북한,year_김일성종합대학교_대학교_북한
장재언,연도미상,김책공업종합대학,,미상,400,장재언,연도미상 김책공업대학 졸업,,김일성종합대학교,대학교,북한,year_김일성종합대학교_대학교_북한
장혜명,연도미상,김일성종합대학,조선문학부,미상,613,장혜명,1986. 김일성종합대학 조선문학부 졸업,1986,김일성종합대학교,대학교,북한,1986_김일성종합대학교_대학교_북한
전병호,연도미상,모스크바대학교,,미상,440,전병호,"연도미상 만경대혁명학원, 김일성종합대, 모스크바대 졸업",,김일성종합대학교,대학교,북한,year_김일성종합대학교_대학교_북한
전병호,연도미상,모스크바대학교,,미상,440,전병호,"연도미상 만경대혁명학원, 김일성종합대, 모스크바대 졸업",,만경대혁명학원,특수학교,북한,year_만경대혁명학원_특수학교_북한
전병호,연도미상,모스크바대학교,,미상,440,전병호,"연도미상 만경대혁명학원, 김일성종합대, 모스크바대 졸업",,모스크바대학교,대학교,러시아,year_모스크바대학교_대학교_러시아
전병호,연도미상,김일성종합대학,,미상,440,전병호,"연도미상 만경대혁명학원, 김일성종합대, 모스크바대 졸업",,김일성종합대학교,대학교,북한,year_김일성종합대학교_대학교_북한
전병호,연도미상,김일성종합대학,,미상,440,전병호,"연도미상 만경대혁명학원, 김일성종합대, 모스크바대 졸업",,만경대혁명학원,특수학교,북한,year_만경대혁명학원_특수학교_북한
전병호,연도미상,김일성종합대학,,미상,440,전병호,"연도미상 만경대혁명학원, 김일성종합대, 모스크바대 졸업",,모스크바대학교,대학교,러시아,year_모스크바대학교_대학교_러시아
전병호,연도미상,만경대혁명학원,,미상,440,전병호,"연도미상 만경대혁명학원, 김일성종합대, 모스크바대 졸업",,김일성종합대학교,대학교,북한,year_김일성종합대학교_대학교_북한
전병호,연도미상,만경대혁명학원,,미상,440,전병호,"연도미상 만경대혁명학원, 김일성종합대, 모스크바대 졸업",,만경대혁명학원,특수학교,북한,year_만경대혁명학원_특수학교_북한
전병호,연도미상,만경대혁명학원,,미상,440,전병호,"연도미상 만경대혁명학원, 김일성종합대, 모스크바대 졸업",,모스크바대학교,대학교,러시아,year_모스크바대학교_대학교_러시아
전승훈,연도미상,김책공업종합대학,,미상,614,전승훈,연대미상 김책공업대학 졸업,,김책공업대학교,대학교,북한,year_김책공업대학교_대학교_북한
전영진,연도미상,국제관계대학,,미상,615,전영진,연도미상 국제관계대학 졸업,,국제관계대학교,대학교,북한,year_국제관계대학교_대학교_북한
전하철,연도미상,김일성종합대학,,미상,339,전하철,연도미상 김일성종합대학 졸업,,김일성종합대학교,대학교,북한,year_김일성종합대학교_대학교_북한
전희정,연도미상,평양외국어대학,,미상,202,전희정,연도미상 평양외국어대학 졸업,,평양외국어대학교,대학교,북한,year_평양외국어대학교_대학교_북한
정명학,연도미상,만경대혁명학원,,미상,619,정명학,연도미상 만경대혁명학원 졸업,,만경대혁명학원,특수학교,북한,year_만경대혁명학원_특수학교_북한
정태양,연도미상,김일성종합대학,,미상,621,정태양,연도미상  김일성종합대학 졸업,,김일성종합대학교,대학교,북한,year_김일성종합대학교_대학교_북한
조명록,1950 ~ 1952,러시아 공군대학,,미상,406,조명록,"1945이전 만주 비행학교, 만경대혁명학원",1945,비행학교,대학교,북한,1945_비행학교_대학교_북한
조명록,1950 ~ 1952,러시아 공군대학,,미상,406,조명록,"1950.～52. 러시아 공군대학 유학, 귀국",1950,공군대학교,대학교,러시아,1950_공군대학교_대학교_러시아
조명록,1950 ~ 1952,러시아 공군대학,,미상,406,조명록,"1945이전 만주 비행학교, 만경대혁명학원",,만경대혁명학원,대학교,북한,year_만경대혁명학원_대학교_북한
조명록,1950 ~ 1952,러시아 공군대학,,미상,406,조명록,연도미상 중앙당학교,,중앙당학교,대학교,북한,year_중앙당학교_대학교_북한
조명록,1945,만주 비행학교,,미상,406,조명록,"1945이전 만주 비행학교, 만경대혁명학원",1945,비행학교,대학교,북한,1945_비행학교_대학교_북한
조명록,1945,만주 비행학교,,미상,406,조명록,"1950.～52. 러시아 공군대학 유학, 귀국",1950,공군대학교,대학교,러시아,1950_공군대학교_대학교_러시아
조명록,1945,만주 비행학교,,미상,406,조명록,"1945이전 만주 비행학교, 만경대혁명학원",,만경대혁명학원,대학교,북한,year_만경대혁명학원_대학교_북한
조명록,1945,만주 비행학교,,미상,406,조명록,연도미상 중앙당학교,,중앙당학교,대학교,북한,year_중앙당학교_대학교_북한
조명록,1945,만경대혁명학원,,미상,406,조명록,"1945이전 만주 비행학교, 만경대혁명학원",1945,비행학교,대학교,북한,1945_비행학교_대학교_북한
조명록,1945,만경대혁명학원,,미상,406,조명록,"1950.～52. 러시아 공군대학 유학, 귀국",1950,공군대학교,대학교,러시아,1950_공군대학교_대학교_러시아
조명록,1945,만경대혁명학원,,미상,406,조명록,"1945이전 만주 비행학교, 만경대혁명학원",,만경대혁명학원,대학교,북한,year_만경대혁명학원_대학교_북한
조명록,1945,만경대혁명학원,,미상,406,조명록,연도미상 중앙당학교,,중앙당학교,대학교,북한,year_중앙당학교_대학교_북한
조명록,연도미상,중앙당학교,,미상,406,조명록,"1945이전 만주 비행학교, 만경대혁명학원",1945,비행학교,대학교,북한,1945_비행학교_대학교_북한
조명록,연도미상,중앙당학교,,미상,406,조명록,"1950.～52. 러시아 공군대학 유학, 귀국",1950,공군대학교,대학교,러시아,1950_공군대학교_대학교_러시아
조명록,연도미상,중앙당학교,,미상,406,조명록,"1945이전 만주 비행학교, 만경대혁명학원",,만경대혁명학원,대학교,북한,year_만경대혁명학원_대학교_북한
조명록,연도미상,중앙당학교,,미상,406,조명록,연도미상 중앙당학교,,중앙당학교,대학교,북한,year_중앙당학교_대학교_북한
조명록,연도미상,모스크바 군사대학,,미상,406,조명록,"1945이전 만주 비행학교, 만경대혁명학원",1945,비행학교,대학교,북한,1945_비행학교_대학교_북한
조명록,연도미상,모스크바 군사대학,,미상,406,조명록,"1950.～52. 러시아 공군대학 유학, 귀국",1950,공군대학교,대학교,러시아,1950_공군대학교_대학교_러시아
조명록,연도미상,모스크바 군사대학,,미상,406,조명록,"1945이전 만주 비행학교, 만경대혁명학원",,만경대혁명학원,대학교,북한,year_만경대혁명학원_대학교_북한
조명록,연도미상,모스크바 군사대학,,미상,406,조명록,연도미상 중앙당학교,,중앙당학교,대학교,북한,year_중앙당학교_대학교_북한
조병주,연도미상,용성기계대학,,미상,385,조병주,연도미상 용성기계대학 졸업,,용성기계대학교,대학교,북한,year_용성기계대학교_대학교_북한
조현주,연도미상,김일성종합대학,경제학부,미상,624,조현주,연도미상 김일성종합대학 경제학부 졸업,,김일성종합대학교,대학교,북한,year_김일성종합대학교_대학교_북한
주규창,연도미상,김책공업종합대학,,미상,106,주규창,연도미상 김책공업대학 졸업,,김일성종합대학교,대학교,북한,year_김일성종합대학교_대학교_북한
주동찬,연도미상,평양건설건재대학,,미상,627,주동찬,연대미상 평양건설건재대학 졸업,,평양건설건재대학교,대학교,북한,year_평양건설건재대학교_대학교_북한
주상성,연도미상,김일성군사대학,,미상,387,주상성,연도미상 김일성군사대학,,김일성군사대학교,대학교,북한,year_김일성군사대학교_대학교_북한
주영길,연도미상,만경대혁명학원,,미상,,1948_name_특수학교_,,,,,,
지재룡,연도미상,김일성종합대학,외국어문학부,미상,561,지재룡,연도미상 김일성종합대학 외국어문학부,,김일성종합대학교,대학교,북한,year_김일성종합대학교_대학교_북한
차승수,연도미상,김일성종합대학,,졸업,630,차승수,연도미상 김일성종합대학 졸업,,김일성종합대학교,대학교,북한,year_김일성종합대학교_대학교_북한
채희정,연도미상,모스크바대학교,,미상,310,채희정,"연도미상 김일성종합대학, 모스크바대학",,김일성종합대학교,대학교,북한,year_김일성종합대학교_대학교_북한
채희정,연도미상,모스크바대학교,,미상,310,채희정,"연도미상 김일성종합대학, 모스크바대학",,모스크바대학교,대학교,러시아,year_모스크바대학교_대학교_러시아
채희정,연도미상,김일성종합대학,,미상,310,채희정,"연도미상 김일성종합대학, 모스크바대학",,김일성종합대학교,대학교,북한,year_김일성종합대학교_대학교_북한
채희정,연도미상,김일성종합대학,,미상,310,채희정,"연도미상 김일성종합대학, 모스크바대학",,모스크바대학교,대학교,러시아,year_모스크바대학교_대학교_러시아
최룡해,연도미상,김일성종합대학,정치경제학,미상,399,최룡해,"연도미상 만경대혁명학원, 김일성종합대학 정치경제학부 졸업",,김일성종합대학교,대학교,북한,year_김일성종합대학교_대학교_북한
최룡해,연도미상,김일성종합대학,정치경제학,미상,399,최룡해,"연도미상 만경대혁명학원, 김일성종합대학 정치경제학부 졸업",,만경대혁명학원,특수학교,북한,year_만경대혁명학원_특수학교_북한
최룡해,연도미상,만경대혁명학원,,미상,399,최룡해,"연도미상 만경대혁명학원, 김일성종합대학 정치경제학부 졸업",,김일성종합대학교,대학교,북한,year_김일성종합대학교_대학교_북한
최룡해,연도미상,만경대혁명학원,,미상,399,최룡해,"연도미상 만경대혁명학원, 김일성종합대학 정치경제학부 졸업",,만경대혁명학원,특수학교,북한,year_만경대혁명학원_특수학교_북한
최부일,연도미상,김일성군사종합대학,,미상,,,,,,,,
최성익,연도미상,김일성종합대학,,미상,179,최성익,연도미상 김일성종합대학 졸업,,김일성종합대학교,대학교,북한,year_김일성종합대학교_대학교_북한
최수헌,연도미상,국제관계대학,,미상,633,최수헌,연도미상 국제관계대학,,국제관계대학교,대학교,북한,year_국제관계대학교_대학교_북한
최영림,연도미상,김일성종합대학,,미상,398,최영림,"연도미상 만경대혁명학원, 김일성종합대학 졸업",,김일성종합대학교,대학교,북한,year_김일성종합대학교_대학교_북한
최영림,연도미상,김일성종합대학,,미상,398,최영림,"연도미상 만경대혁명학원, 김일성종합대학 졸업",,만경대혁명학원,특수학교,북한,year_만경대혁명학원_특수학교_북한
최영림,연도미상,만경대혁명학원,,미상,398,최영림,"연도미상 만경대혁명학원, 김일성종합대학 졸업",,김일성종합대학교,대학교,북한,year_김일성종합대학교_대학교_북한
최영림,연도미상,만경대혁명학원,,미상,398,최영림,"연도미상 만경대혁명학원, 김일성종합대학 졸업",,만경대혁명학원,특수학교,북한,year_만경대혁명학원_특수학교_북한
최익규,연도미상,김형직사범대학,러시아어문학,미상,374,최익규,연도미상 김형직사범대학 러시아어문학 졸업,,김형직사범대학교,대학교,북한,year_김형직사범대학교_대학교_북한
최종건,연도미상,구소련 공산대학,,미상,147,최종건,연도미상 구소련공산대학,,구소련공산대학교,대학교,러시아,year_구소련공산대학교_대학교_러시아
최진수,연도미상,국제관계대학,불어과,졸업,366,최진수,연도미상 국제관계대학 불어과 졸업,,국제관계대학교,대학교,북한,year_국제관계대학교_대학교_북한
최창식,연도미상,평양의과대학,임상약리학,미상,403,최창식,연도미상 평양의과대학 임상약리학과 졸업,,평양의과대학교,대학교,북한,year_평양의과대학교_대학교_북한
최칠남,연도미상,김일성종합대학,,졸업,636,최칠남,연도미상 김일성종합대학 졸업,,김일성종합대학교,대학교,북한,year_김일성종합대학교_대학교_북한
최태복,연도미상,라이프치히공대,,미상,307,최태복,"연도미상 만경대혁명학원, 김일성종합대, 라이프치히공대 졸업",,김일성종합대학교,대학교,북한,year_김일성종합대학교_대학교_북한
최태복,연도미상,라이프치히공대,,미상,307,최태복,"연도미상 만경대혁명학원, 김일성종합대, 라이프치히공대 졸업",,라이프치히공대,대학교,독일,year_라이프치히공대_대학교_독일
최태복,연도미상,라이프치히공대,,미상,307,최태복,"연도미상 만경대혁명학원, 김일성종합대, 라이프치히공대 졸업",,만경대혁명학원,특수학교,북한,year_만경대혁명학원_특수학교_북한
최태복,연도미상,김일성종합대학,,미상,307,최태복,"연도미상 만경대혁명학원, 김일성종합대, 라이프치히공대 졸업",,김일성종합대학교,대학교,북한,year_김일성종합대학교_대학교_북한
최태복,연도미상,김일성종합대학,,미상,307,최태복,"연도미상 만경대혁명학원, 김일성종합대, 라이프치히공대 졸업",,라이프치히공대,대학교,독일,year_라이프치히공대_대학교_독일
최태복,연도미상,김일성종합대학,,미상,307,최태복,"연도미상 만경대혁명학원, 김일성종합대, 라이프치히공대 졸업",,만경대혁명학원,특수학교,북한,year_만경대혁명학원_특수학교_북한
최태복,연도미상,만경대혁명학원,,미상,307,최태복,"연도미상 만경대혁명학원, 김일성종합대, 라이프치히공대 졸업",,김일성종합대학교,대학교,북한,year_김일성종합대학교_대학교_북한
최태복,연도미상,만경대혁명학원,,미상,307,최태복,"연도미상 만경대혁명학원, 김일성종합대, 라이프치히공대 졸업",,라이프치히공대,대학교,독일,year_라이프치히공대_대학교_독일
최태복,연도미상,만경대혁명학원,,미상,307,최태복,"연도미상 만경대혁명학원, 김일성종합대, 라이프치히공대 졸업",,만경대혁명학원,특수학교,북한,year_만경대혁명학원_특수학교_북한
최휘,연도미상,만경대 혁명학원,,미상,,1948_name_특수학교_,,,,,,
최휘,연도미상,김일성종합대학교,철학부,미상,,1948_name_특수학교_,,,,,,
최희정,연도미상,김책공업종합대학,금속가공공학,미상,308,최희정,연대미상 김책공업종합대학 금속가공공학과 졸업,,김책공업종합대학교,대학교,북한,year_김책공업종합대학교_대학교_북한
태종수,연도미상,만경대혁명학원,,졸업,456,태종수,연도민상 만경대혁명학원 졸업,,만경대혁명학원,특수학교,북한,year_만경대혁명학원_특수학교_북한
태형철,연도미상,김일성종합대학,,졸업,481,태형철,연도미상 김일성종합대학 졸업,,김일성종합대학교,대학교,북한,year_김일성종합대학교_대학교_북한
한광복,연도미상,김책공업종합대학,,미상,249,한광복,연도미상 김책공업대학 졸업,,김일성종합대학교,대학교,북한,year_김일성종합대학교_대학교_북한
한광상,연도미상,김일성고급당학교,,미상,515,한광상,연도미상 김일성고급당학교 졸업,,김일성고급당학교,특수학교,북한,year_김일성고급당학교_특수학교_북한
한동근,연도미상,레닌 군사정치 아카데미,,미상,401,한동근,"연도미상 레닌 군사정치아카데미, 만경대혁명학원 졸업",,군사정치아카데미,대학교,북한,year_군사정치아카데미_대학교_북한
한동근,연도미상,레닌 군사정치 아카데미,,미상,401,한동근,"연도미상 레닌 군사정치아카데미, 만경대혁명학원 졸업",,만경대혁명학원,대학교,북한,year_만경대혁명학원_대학교_북한
한성렬,연도미상,김일성종합대학,정치경제학,졸업,638,한성렬,연도미상 김일성종합대학 정치경제학과 졸업,,김일성종합대학교,대학교,북한,year_김일성종합대학교_대학교_북한
한성룡,연도미상,체코프라하공대,,미상,235,한성룡,"연도미상 만경대혁명학원, 체코 프라하 공대",,만경대혁명학원,특수학교,북한,year_만경대혁명학원_특수학교_북한
한성룡,연도미상,체코프라하공대,,미상,235,한성룡,"연도미상 만경대혁명학원, 체코 프라하 공대",,프라하공대,대학교,체코,year_프라하공대_대학교_체코
한성룡,연도미상,만경대혁명학원,,미상,235,한성룡,"연도미상 만경대혁명학원, 체코 프라하 공대",,만경대혁명학원,특수학교,북한,year_만경대혁명학원_특수학교_북한
한성룡,연도미상,만경대혁명학원,,미상,235,한성룡,"연도미상 만경대혁명학원, 체코 프라하 공대",,프라하공대,대학교,체코,year_프라하공대_대학교_체코
허종,연도미상,김일성종합대학,,미상,639,허종,연도미상 평양외국어대학 졸업,,평양외국어대학교,대학교,북한,year_평양외국어대학교_대학교_북한
허종,연도미상,평양외국어대학,,미상,639,허종,연도미상 평양외국어대학 졸업,,평양외국어대학교,대학교,북한,year_평양외국어대학교_대학교_북한
현철해,1947.06 ~ 1950.06,루마니아공학대학,,미상,422,현철해,"1947. 1 만경대혁명학원, 김일성종합대, 루마니아공학대 졸업",1947,만경대혁명학원,특수학교,북한,1947_만경대혁명학원_특수학교_북한
현철해,1947.06 ~ 1950.06,루마니아공학대학,,미상,422,현철해,연도미상 루마니아 유학,,,,루마니아,year_name_level_루마니아
현철해,1947.06 ~ 1950.06,루마니아공학대학,,미상,422,현철해,"1947. 1 만경대혁명학원, 김일성종합대, 루마니아공학대 졸업",,김일성종합대학교,대학교,북한,year_김일성종합대학교_대학교_북한
현철해,1947.06 ~ 1950.06,루마니아공학대학,,미상,422,현철해,"1947. 1 만경대혁명학원, 김일성종합대, 루마니아공학대 졸업",,루마니아공학대학교,대학교,루마니아,year_루마니아공학대학교_대학교_루마니아
현철해,1947.01 ~ 1950.06,김일성종합대학,,미상,422,현철해,"1947. 1 만경대혁명학원, 김일성종합대, 루마니아공학대 졸업",1947,만경대혁명학원,특수학교,북한,1947_만경대혁명학원_특수학교_북한
현철해,1947.01 ~ 1950.06,김일성종합대학,,미상,422,현철해,연도미상 루마니아 유학,,,,루마니아,year_name_level_루마니아
현철해,1947.01 ~ 1950.06,김일성종합대학,,미상,422,현철해,"1947. 1 만경대혁명학원, 김일성종합대, 루마니아공학대 졸업",,김일성종합대학교,대학교,북한,year_김일성종합대학교_대학교_북한
현철해,1947.01 ~ 1950.06,김일성종합대학,,미상,422,현철해,"1947. 1 만경대혁명학원, 김일성종합대, 루마니아공학대 졸업",,루마니아공학대학교,대학교,루마니아,year_루마니아공학대학교_대학교_루마니아
현철해,1947.01 ~ 1950.06,만경대혁명학원,,미상,422,현철해,"1947. 1 만경대혁명학원, 김일성종합대, 루마니아공학대 졸업",1947,만경대혁명학원,특수학교,북한,1947_만경대혁명학원_특수학교_북한
현철해,1947.01 ~ 1950.06,만경대혁명학원,,미상,422,현철해,연도미상 루마니아 유학,,,,루마니아,year_name_level_루마니아
현철해,1947.01 ~ 1950.06,만경대혁명학원,,미상,422,현철해,"1947. 1 만경대혁명학원, 김일성종합대, 루마니아공학대 졸업",,김일성종합대학교,대학교,북한,year_김일성종합대학교_대학교_북한
현철해,1947.01 ~ 1950.06,만경대혁명학원,,미상,422,현철해,"1947. 1 만경대혁명학원, 김일성종합대, 루마니아공학대 졸업",,루마니아공학대학교,대학교,루마니아,year_루마니아공학대학교_대학교_루마니아
홍서헌,연도미상,김책공업종합대학,,미상,,,,,,,,
홍석형,1948,모스크바대학교,경제학과,미상,402,홍석형,"1948. 월북, 만경대혁명학원, 모스크바대 경제학과 졸업",1948,만경대혁명학원,대학교,북한,1948_만경대혁명학원_대학교_북한
홍석형,1948,모스크바대학교,경제학과,미상,402,홍석형,"1948. 월북, 만경대혁명학원, 모스크바대 경제학과 졸업",,모스크바대학교,대학교,러시아,year_모스크바대학교_대학교_러시아
홍석형,1948,만경대혁명학원,,졸업,402,홍석형,"1948. 월북, 만경대혁명학원, 모스크바대 경제학과 졸업",1948,만경대혁명학원,대학교,북한,1948_만경대혁명학원_대학교_북한
홍석형,1948,만경대혁명학원,,졸업,402,홍석형,"1948. 월북, 만경대혁명학원, 모스크바대 경제학과 졸업",,모스크바대학교,대학교,러시아,year_모스크바대학교_대학교_러시아
홍선옥,연도미상,김일성종합대학,,미상,451,홍선옥,"연도미상 김일성종합대학, 국제관계대학 졸업",,군제관계대학교,대학교,북한,year_군제관계대학교_대학교_북한
홍선옥,연도미상,김일성종합대학,,미상,451,홍선옥,"연도미상 김일성종합대학, 국제관계대학 졸업",,김일성종합대학교,대학교,북한,year_김일성종합대학교_대학교_북한
홍선옥,연도미상,국제관계대학,,졸업,451,홍선옥,"연도미상 김일성종합대학, 국제관계대학 졸업",,군제관계대학교,대학교,북한,year_군제관계대학교_대학교_북한
홍선옥,연도미상,국제관계대학,,졸업,451,홍선옥,"연도미상 김일성종합대학, 국제관계대학 졸업",,김일성종합대학교,대학교,북한,year_김일성종합대학교_대학교_북한
홍성남,연도미상,김일성종합대학,,미상,218,홍성남,"연도미상 김일성종합대학, 체코 프라하공대(기계공학 전공)",,김일성종합대학교,대학교,북한,year_김일성종합대학교_대학교_북한
홍성남,연도미상,김일성종합대학,,미상,218,홍성남,"연도미상 김일성종합대학, 체코 프라하공대(기계공학 전공)",,프라하공대,대학교,체코,year_프라하공대_대학교_체코
홍성남,연도미상,체코프라하공대,기계공학과,미상,218,홍성남,"연도미상 김일성종합대학, 체코 프라하공대(기계공학 전공)",,김일성종합대학교,대학교,북한,year_김일성종합대학교_대학교_북한
홍성남,연도미상,체코프라하공대,기계공학과,미상,218,홍성남,"연도미상 김일성종합대학, 체코 프라하공대(기계공학 전공)",,프라하공대,대학교,체코,year_프라하공대_대학교_체코
홍일천,연도미상,김일성종합대학,경제학부,미상,641,홍일천,연도미상 김일성종합대학 경제학부,,김일성종합대학교,대학교,북한,year_김일성종합대학교_대학교_북한
황봉영,연도미상,평양사범대학,,미상,642,황봉영,연도미상 평양사범대학 졸업,,평양사범대학교,대학교,북한,year_평양사범대학교_대학교_북한
심상진,,,,,118,심상진,"연도미상 김일성사범대학 졸업, 불교학원 졸업",,김일성사범대학교,대학교,북한,year_김일성사범대학교_대학교_북한
김기선,,,,,135,김기선,연도미상 김일성정치대학 졸업,,김일성정치대학교,대학교,북한,year_김일성정치대학교_대학교_북한
길재경,,,,,137,길재경,연도미상 김일성종합대학,,김일성종합대학교,대학교,북한,year_김일성종합대학교_대학교_북한
최승철,,,,,181,최승철,1977.~83. 김일성종합대학 경제학부 정치경제학과,1977,김일성종합대학교,대학교,북한,1977_김일성종합대학교_대학교_북한
오익제,,,,,208,오익제,"연도미상 고려대 경영대학원, 국제관계대학 경제학과 졸업",,고려대학교,대학교,한국,year_고려대학교_대학교_한국
오익제,,,,,208,오익제,"연도미상 고려대 경영대학원, 국제관계대학 경제학과 졸업",,국제관계대학교,대학교,북한,year_국제관계대학교_대학교_북한
허혁필,,,,,219,허혁필,연도미상 김일성종합대학 외문학부 러시아어 전공,,김일성종합대학교,대학교,북한,year_김일성종합대학교_대학교_북한
최춘황,,,,,220,최춘황,연도미상 김일성종합대학,,김일성종합대학교,대학교,북한,year_김일성종합대학교_대학교_북한
강명철,,,,,,1948_name_특수학교_,,,,,,
강봉훈,,,,,,1948_name_특수학교_,,,,,,
강수린,,,,,,1948_name_특수학교_,,,,,,
강순남,,,,,,1948_name_특수학교_,,,,,,
강영수,,,,,,1948_name_특수학교_,,,,,,
강영철,,,,,,1948_name_특수학교_,,,,,,
강윤석,,,,,,1948_name_특수학교_,,,,,,
강표영,,,,,,1948_name_특수학교_,,,,,,
강하국,,,,,,1948_name_특수학교_,,,,,,
강형봉,,,,,,1948_name_특수학교_,,,,,,
계명철,,,,,,1948_name_특수학교_,,,,,,
고길선,,,,,,1948_name_특수학교_,,,,,,
고인호,,,,,,1948_name_특수학교_,,,,,,
고정범,,,,,,1948_name_특수학교_,,,,,,
고철만,,,,,,1948_name_특수학교_,,,,,,
곽창식,,,,,,1948_name_특수학교_,,,,,,
권성호,,,,,,1948_name_특수학교_,,,,,,
권영진,,,,,,1948_name_특수학교_,,,,,,
기광호,,,,,,1948_name_특수학교_,,,,,,
김경남,,,,,,1948_name_특수학교_,,,,,,
김경준,,,,,,1948_name_특수학교_,,,,,,
김광철a,,,,,,1948_name_특수학교_,,,,,,
김광철b,,,,,,1948_name_특수학교_,,,,,,
김광혁,,,,,,1948_name_특수학교_,,,,,,
김금철a,,,,,,1948_name_특수학교_,,,,,,
김금철b,,,,,,1948_name_특수학교_,,,,,,
김능오,,,,,,1948_name_특수학교_,,,,,,
김동선,,,,,,1948_name_특수학교_,,,,,,
김두일,,,,,,1948_name_특수학교_,,,,,,
김락겸,,,,,,1948_name_특수학교_,,,,,,
김만성,,,,,,1948_name_특수학교_,,,,,,
김명길b,,,,,,1948_name_특수학교_,,,,,,
김명남,,,,,,1948_name_특수학교_,,,,,,
김명식,,,,,,1948_name_특수학교_,,,,,,
김명철,,,,,,1948_name_특수학교_,,,,,,
김명훈,,,,,,1948_name_특수학교_,,,,,,
김병호,,,,,,1948_name_특수학교_,,,,,,
김봉영,,,,,,1948_name_특수학교_,,,,,,
김성,,,,,,1948_name_특수학교_,,,,,,
김성룡,,,,,,1948_name_특수학교_,,,,,,
김성일,,,,,,1948_name_특수학교_,,,,,,
김성준,,,,,,1948_name_특수학교_,,,,,,
김성혜,,,,,,1948_name_특수학교_,,,,,,
김성호,,,,,,1948_name_특수학교_,,,,,,
김세복,,,,,,1948_name_특수학교_,,,,,,
김송철,,,,,,1948_name_특수학교_,,,,,,
김수길,,,,,,1948_name_특수학교_,,,,,,
김승찬,,,,,,1948_name_특수학교_,,,,,,
김영녀,,,,,,1948_name_특수학교_,,,,,,
김영식,,,,,,1948_name_특수학교_,,,,,,
김영철b,,,,,,1948_name_특수학교_,,,,,,
김영환,,,,,,1948_name_특수학교_,,,,,,
김영훈a,,,,,,1948_name_특수학교_,,,,,,
김영훈b,,,,,,1948_name_특수학교_,,,,,,
김용걸,,,,,,1948_name_특수학교_,,,,,,
김용광,,,,,,1948_name_특수학교_,,,,,,
김용선,,,,,,1948_name_특수학교_,,,,,,
김용수,,,,,,1948_name_특수학교_,,,,,,
김용연,,,,,,1948_name_특수학교_,,,,,,
김용주,,,,,,1948_name_특수학교_,,,,,,
김용철,,,,,,1948_name_특수학교_,,,,,,
김웅철,,,,,,1948_name_특수학교_,,,,,,
김유일,,,,,,1948_name_특수학교_,,,,,,
김윤혁b,,,,,,1948_name_특수학교_,,,,,,
김일국,,,,,,1948_name_특수학교_,,,,,,
김일철b,,,,,,1948_name_특수학교_,,,,,,
김재룡,,,,,,1948_name_특수학교_,,,,,,
김재성,,,,,,1948_name_특수학교_,,,,,,
김정관,,,,,,1948_name_특수학교_,,,,,,
김정남,,,,,,1948_name_특수학교_,,,,,,
김정순,,,,,,1948_name_특수학교_,,,,,,
김정식,,,,,,1948_name_특수학교_,,,,,,
김조국,,,,,,1948_name_특수학교_,,,,,,
김지선,,,,,,1948_name_특수학교_,,,,,,
김창광,,,,,,1948_name_특수학교_,,,,,,
김창남,,,,,,1948_name_특수학교_,,,,,,
김창도,,,,,,1948_name_특수학교_,,,,,,
김창민,,,,,,1948_name_특수학교_,,,,,,
김창선,,,,,,1948_name_특수학교_,,,,,,
김창엽,,,,,,1948_name_특수학교_,,,,,,
김천균,,,,,,1948_name_특수학교_,,,,,,
김천길,,,,,,1948_name_특수학교_,,,,,,
김철규,,,,,,1948_name_특수학교_,,,,,,
김철삼,,,,,,1948_name_특수학교_,,,,,,
김철수,,,,,,1948_name_특수학교_,,,,,,
김춘섭,,,,,,1948_name_특수학교_,,,,,,
김충걸,,,,,,1948_name_특수학교_,,,,,,
김충성,,,,,,1948_name_특수학교_,,,,,,
김충일,,,,,,1948_name_특수학교_,,,,,,
김혁철,,,,,,1948_name_특수학교_,,,,,,
김형식b,,,,,,1948_name_특수학교_,,,,,,
김호철,,,,,,1948_name_특수학교_,,,,,,
김희숙,,,,,,1948_name_특수학교_,,,,,,
노광철,,,,,,1948_name_특수학교_,,,,,,
량원호,,,,,,1948_name_특수학교_,,,,,,
량정훈,,,,,,1948_name_특수학교_,,,,,,
렴철성,,,,,,1948_name_특수학교_,,,,,,
렴철수,,,,,,1948_name_특수학교_,,,,,,
류영선,,,,,,1948_name_특수학교_,,,,,,
리강선,,,,,,1948_name_특수학교_,,,,,,
리경철,,,,,,1948_name_특수학교_,,,,,,
리광철,,,,,,1948_name_특수학교_,,,,,,
리국철,,,,,,1948_name_특수학교_,,,,,,
리길성,,,,,,1948_name_특수학교_,,,,,,
리두성,,,,,,1948_name_특수학교_,,,,,,
리득남,,,,,,1948_name_특수학교_,,,,,,
리상원,,,,,,1948_name_특수학교_,,,,,,
리선권,,,,,,1948_name_특수학교_,,,,,,
리설주,,,,,,1948_name_특수학교_,,,,,,
리성국a,,,,,,1948_name_특수학교_,,,,,,
리성국b,,,,,,1948_name_특수학교_,,,,,,
리성학,,,,,,1948_name_특수학교_,,,,,,
리영길,,,,,,1948_name_특수학교_,,,,,,
리영래,,,,,,1948_name_특수학교_,,,,,,
리영용,,,,,,1948_name_특수학교_,,,,,,
리영익,,,,,,1948_name_특수학교_,,,,,,
리용주,,,,,,1948_name_특수학교_,,,,,,
리재남,,,,,,1948_name_특수학교_,,,,,,
리정남,,,,,,1948_name_특수학교_,,,,,,
리종무,,,,,,1948_name_특수학교_,,,,,,
리종식,,,,,,1948_name_특수학교_,,,,,,
리철산,,,,,,1948_name_특수학교_,,,,,,
리철진,,,,,,1948_name_특수학교_,,,,,,
리춘삼,,,,,,1948_name_특수학교_,,,,,,
리충길,,,,,,1948_name_특수학교_,,,,,,
리태섭,,,,,,1948_name_특수학교_,,,,,,
리태일,,,,,,1948_name_특수학교_,,,,,,
리택건,,,,,,1948_name_특수학교_,,,,,,
리학철,,,,,,1948_name_특수학교_,,,,,,
리혁권,,,,,,1948_name_특수학교_,,,,,,
리현,,,,,,1948_name_특수학교_,,,,,,
리형근,,,,,,1948_name_특수학교_,,,,,,
리혜정,,,,,,1948_name_특수학교_,,,,,,
리호림,,,,,,1948_name_특수학교_,,,,,,
리히용,,,,,,1948_name_특수학교_,,,,,,
림광일,,,,,,1948_name_특수학교_,,,,,,
림준길,,,,,,1948_name_특수학교_,,,,,,
마종선,,,,,,1948_name_특수학교_,,,,,,
문철,,,,,,1948_name_특수학교_,,,,,,
박광식,,,,,,1948_name_특수학교_,,,,,,
박광웅,,,,,,1948_name_특수학교_,,,,,,
박광호,,,,,,1948_name_특수학교_,,,,,,
박금희,,,,,,1948_name_특수학교_,,,,,,
박만호,,,,,,1948_name_특수학교_,,,,,,
박명순,,,,,,1948_name_특수학교_,,,,,,
박명철b,,,,,,1948_name_특수학교_,,,,,,
박성철b,,,,,,1948_name_특수학교_,,,,,,
박수일,,,,,,1948_name_특수학교_,,,,,,
박영식,,,,,,1948_name_특수학교_,,,,,,
박영호,,,,,,1948_name_특수학교_,,,,,,
박인철,,,,,,1948_name_특수학교_,,,,,,
박정근,,,,,,1948_name_특수학교_,,,,,,
박정남,,,,,,1948_name_특수학교_,,,,,,
박정천,,,,,,1948_name_특수학교_,,,,,,
박지민,,,,,,1948_name_특수학교_,,,,,,
박창호,,,,,,1948_name_특수학교_,,,,,,
박철민,,,,,,1948_name_특수학교_,,,,,,
박춘남,,,,,,1948_name_특수학교_,,,,,,
박태성,,,,,,1948_name_특수학교_,,,,,,
박혁철,,,,,,1948_name_특수학교_,,,,,,
박형렬,,,,,,1948_name_특수학교_,,,,,,
박훈,,,,,,1948_name_특수학교_,,,,,,
서종진,,,,,,1948_name_특수학교_,,,,,,
서창룡,,,,,,1948_name_특수학교_,,,,,,
서호원,,,,,,1948_name_특수학교_,,,,,,
서홍찬,,,,,,1948_name_특수학교_,,,,,,
손광호,,,,,,1948_name_특수학교_,,,,,,
손영훈,,,,,,1948_name_특수학교_,,,,,,
손철주,,,,,,1948_name_특수학교_,,,,,,
송승철,,,,,,1948_name_특수학교_,,,,,,
송춘섭,,,,,,1948_name_특수학교_,,,,,,
승정규,,,,,,1948_name_특수학교_,,,,,,
신룡만,,,,,,1948_name_특수학교_,,,,,,
신만균,,,,,,1948_name_특수학교_,,,,,,
신영철,,,,,,1948_name_특수학교_,,,,,,
신창일,,,,,,1948_name_특수학교_,,,,,,
심국룡,,,,,,1948_name_특수학교_,,,,,,
심영학,,,,,,1948_name_특수학교_,,,,,,
안금철,,,,,,1948_name_특수학교_,,,,,,
안지용,,,,,,1948_name_특수학교_,,,,,,
양승호,,,,,,1948_name_특수학교_,,,,,,
엄정철,,,,,,1948_name_특수학교_,,,,,,
오경룡,,,,,,1948_name_특수학교_,,,,,,
오경석,,,,,,1948_name_특수학교_,,,,,,
오동일,,,,,,1948_name_특수학교_,,,,,,
오춘복,,,,,,1948_name_특수학교_,,,,,,
왕창욱,,,,,,1948_name_특수학교_,,,,,,
우상철,,,,,,1948_name_특수학교_,,,,,,
원길우,,,,,,1948_name_특수학교_,,,,,,
위성일,,,,,,1948_name_특수학교_,,,,,,
유진,,,,,,1948_name_특수학교_,,,,,,
유철우,,,,,,1948_name_특수학교_,,,,,,
윤동현,,,,,,1948_name_특수학교_,,,,,,
윤영식,,,,,,1948_name_특수학교_,,,,,,
윤정호,,,,,,1948_name_특수학교_,,,,,,
이동석,,,,,,1948_name_특수학교_,,,,,,
임경재,,,,,,1948_name_특수학교_,,,,,,
임철웅,,,,,,1948_name_특수학교_,,,,,,
임출웅,,,,,,1948_name_특수학교_,,,,,,
임훈,,,,,,1948_name_특수학교_,,,,,,
장경일,,,,,,1948_name_특수학교_,,,,,,
장광봉,,,,,,1948_name_특수학교_,,,,,,
장금철,,,,,,1948_name_특수학교_,,,,,,
장기호,,,,,,1948_name_특수학교_,,,,,,
장길룡,,,,,,1948_name_특수학교_,,,,,,
장길성,,,,,,1948_name_특수학교_,,,,,,
장세철,,,,,,1948_name_특수학교_,,,,,,
장영록,,,,,,1948_name_특수학교_,,,,,,
장정남,,,,,,1948_name_특수학교_,,,,,,
장정애,,,,,,1948_name_특수학교_,,,,,,
장정주,,,,,,1948_name_특수학교_,,,,,,
장준상,,,,,,1948_name_특수학교_,,,,,,
장창하,,,,,,1948_name_특수학교_,,,,,,
장춘성,,,,,,1948_name_특수학교_,,,,,,
장춘실,,,,,,1948_name_특수학교_,,,,,,
장혁,,,,,,1948_name_특수학교_,,,,,,
전광호,,,,,,1948_name_특수학교_,,,,,,
전일호,,,,,,1948_name_특수학교_,,,,,,
전태수,,,,,,1948_name_특수학교_,,,,,,
전학철,,,,,,1948_name_특수학교_,,,,,,
전현철,,,,,,1948_name_특수학교_,,,,,,
정경일,,,,,,1948_name_특수학교_,,,,,,
정경택,,,,,,1948_name_특수학교_,,,,,,
정봉석,,,,,,1948_name_특수학교_,,,,,,
정상학,,,,,,1948_name_특수학교_,,,,,,
정승일,,,,,,1948_name_특수학교_,,,,,,
정영국,,,,,,1948_name_특수학교_,,,,,,
정영원,,,,,,1948_name_특수학교_,,,,,,
정인철,,,,,,1948_name_특수학교_,,,,,,
조경철,,,,,,1948_name_특수학교_,,,,,,
조남진,,,,,,1948_name_특수학교_,,,,,,
조석호,,,,,,1948_name_특수학교_,,,,,,
조용원,,,,,,1948_name_특수학교_,,,,,,
조춘룡,,,,,,1948_name_특수학교_,,,,,,
주용일,,,,,,1948_name_특수학교_,,,,,,
주창일,,,,,,1948_name_특수학교_,,,,,,
주철규,,,,,,1948_name_특수학교_,,,,,,
진금송,,,,,,1948_name_특수학교_,,,,,,
차명남,,,,,,1948_name_특수학교_,,,,,,
차희림,,,,,,1948_name_특수학교_,,,,,,
채성학,,,,,,1948_name_특수학교_,,,,,,
채일룡,,,,,,1948_name_특수학교_,,,,,,
최강,,,,,,1948_name_특수학교_,,,,,,
최강일,,,,,,1948_name_특수학교_,,,,,,
최경철,,,,,,1948_name_특수학교_,,,,,,
최권수,,,,,,1948_name_특수학교_,,,,,,
최동명,,,,,,1948_name_특수학교_,,,,,,
최명철,,,,,,1948_name_특수학교_,,,,,,
최상건,,,,,,1948_name_특수학교_,,,,,,
최선희,,,,,,1948_name_특수학교_,,,,,,
최성근,,,,,,1948_name_특수학교_,,,,,,
최승호,,,,,,1948_name_특수학교_,,,,,,
최영일,,,,,,1948_name_특수학교_,,,,,,
최영호a,,,,,,1948_name_특수학교_,,,,,,
최영호b,,,,,,1948_name_특수학교_,,,,,,
최일룡,,,,,,1948_name_특수학교_,,,,,,
최정룡,,,,,,1948_name_특수학교_,,,,,,
최춘식,,,,,,1948_name_특수학교_,,,,,,
최희태,,,,,,1948_name_특수학교_,,,,,,
포희성,,,,,,1948_name_특수학교_,,,,,,
한룡국,,,,,,1948_name_특수학교_,,,,,,
한상준,,,,,,1948_name_특수학교_,,,,,,
한종혁,,,,,,1948_name_특수학교_,,,,,,
한호성,,,,,,1948_name_특수학교_,,,,,,
한효연,,,,,,1948_name_특수학교_,,,,,,
허광욱,,,,,,1948_name_특수학교_,,,,,,
허영률,,,,,,1948_name_특수학교_,,,,,,
허종호,,,,,,1948_name_특수학교_,,,,,,
허철만,,,,,,1948_name_특수학교_,,,,,,
현송월,,,,,,1948_name_특수학교_,,,,,,
홍광순,,,,,,1948_name_특수학교_,,,,,,
홍승무,,,,,,1948_name_특수학교_,,,,,,
홍영칠,,,,,,1948_name_특수학교_,,,,,,
황민,,,,,,1948_name_특수학교_,,,,,,
황철식,,,,,,1948_name_특수학교_,,,,,,
이광호,,,,,317,이광호,연도미상 평성이과대학 졸업,,평성이과대학교,대학교,북한,year_평성이과대학교_대학교_북한
정창렬,,,,,325,정창렬,"연도미상 평양건설건재대학 졸업, 소련유학",,,,러시아,year_name_level_러시아
정창렬,,,,,325,정창렬,"연도미상 평양건설건재대학 졸업, 소련유학",,평양건설건재대학교,대학교,북한,year_평양건설건재대학교_대학교_북한
전진수,,,,,338,전진수,"연도미상 만경대혁명학원, 소련군사대학 졸업",,만경대혁명학원,특수학교,북한,year_만경대혁명학원_특수학교_북한
전진수,,,,,338,전진수,"연도미상 만경대혁명학원, 소련군사대학 졸업",,소련군사대학교,특수학교,러시아,year_소련군사대학교_특수학교_러시아
박남기,,,,,343,박남기,"연도미상 김책공대, 레닌그라드공대, 체코프라하공대 졸업",,김책공업종합대학,대학교,북한,year_김책공업종합대학_대학교_북한
박남기,,,,,343,박남기,"연도미상 김책공대, 레닌그라드공대, 체코프라하공대 졸업",,레닌그라드공대,대학교,러시아,year_레닌그라드공대_대학교_러시아
박남기,,,,,343,박남기,"연도미상 김책공대, 레닌그라드공대, 체코프라하공대 졸업",,체코프라하공대,대학교,체코,year_체코프라하공대_대학교_체코
려원구,,,,,346,려원구,연도미상 모스크바대학,,모스크바대학교,대학교,러시아,year_모스크바대학교_대학교_러시아
정운업,,,,,357,정운업,연도미상 김책공업대학 전기공학과 졸업,,김책공업대학교,대학교,북한,year_김책공업대학교_대학교_북한
신선호,,,,,381,신선호,연도미상 김일성종합대학 졸업,,김일성종합대학교,대학교,북한,year_김일성종합대학교_대학교_북한
려춘석,,,,,420,려춘석,연도미상 김일성군사종합대학 졸업,,김일성군사종합대학교,대학교,북한,year_김일성군사종합대학교_대학교_북한
박명철a,,,,,424,박명철,연도미상 평양체육대학교,,평양체육대학교,대학교,북한,year_평양체육대학교_대학교_북한
김일본,,,,,484,김일본,연도미상 타쉬켄트 종합대학,,타쉬켄트종합대학교,대학교,우즈베키스탄,year_타쉬켄트종합대학교_대학교_우즈베키스탄
전일춘,,,,,500,전일춘,연도미상 평양남산고급중학교 졸업,,평양남산고급중학교,고등중학교,북한,year_평양남산고급중학교_고등중학교_북한
오일정,,,,,502,오일정,"연도미상 김일성종합대 경제학과, 김일성군사종합대학 졸업",,김일성군사종합대학교,대학교,북한,year_김일성군사종합대학교_대학교_북한
오일정,,,,,502,오일정,"연도미상 김일성종합대 경제학과, 김일성군사종합대학 졸업",,김일성종합대학교,대학교,북한,year_김일성종합대학교_대학교_북한
이철리,,,,,519,이철리,"연도미상 김일성종합대학, 국제관계대학 불어과 졸업",,국제관계대학교,대학교,북한,year_국제관계대학교_대학교_북한
이철리,,,,,519,이철리,"연도미상 김일성종합대학, 국제관계대학 불어과 졸업",,김일성종합대학교,대학교,북한,year_김일성종합대학교_대학교_북한
전재선,,,,,616,전재선,연대미상 김일성군사종합대학 졸업,,김일성군사종합대학교,대학교,북한,year_김일성군사종합대학교_대학교_북한
정하철,,,,,622,정하철,1950. 김일성종합대학 철학과 졸업,1950,김일성종합대학교,대학교,북한,1950_김일성종합대학교_대학교_북한
최영건,,,,,634,최영건,연도미상 김책공업대학 졸업,,김일성종합대학교,대학교,북한,year_김일성종합대학교_대학교_북한
최룡수,,,,,635,최룡수,연도미상 김일성종합대학 졸업,,김일성종합대학교,대학교,북한,year_김일성종합대학교_대학교_북한
한봉춘,,,,,637,한봉춘,연도미상 김책공업대학 졸업,,김일성종합대학교,대학교,북한,year_김일성종합대학교_대학교_북한
김동운,,,,,651,김동운,연도미상 청진광산금속대학 졸업,,청진광산금속대학교,대학교,중국,year_청진광산금속대학교_대학교_중국
김만길,,,,,652,김만길,연도미상 평양기계대학 졸업,,평양기계대학교,대학교,북한,year_평양기계대학교_대학교_북한
김복신,,,,,655,김복신,1946.～50.김일성종합대학 경제학과 졸업,1946,김일성종합대학교,대학교,북한,1946_김일성종합대학교_대학교_북한
김복신,,,,,655,김복신,1954. 중앙당학교,1954,중앙당학교,특수학교,북한,1954_중앙당학교_특수학교_북한
김성국,,,,,657,김성국,연도미상 김일성종합대학 조선어문학부 졸업,,김일성군사종합대학교,대학교,북한,year_김일성군사종합대학교_대학교_북한
김수학,,,,,658,김수학,연도미상 함흥의과대학,,함흥의과대학교,대학교,북한,year_함흥의과대학교_대학교_북한
김승현,,,,,659,김승현,연도미상 함흥수리대 졸업,,함흥수리대학교,대학교,북한,year_함흥수리대학교_대학교_북한
김완수b,,,,,666,김완수,연도미상 김일성종합대학 정치경제학부 졸업,,김일성종합대학교,대학교,북한,year_김일성종합대학교_대학교_북한
김용삼,,,,,667,김용삼,연도미상 평양교통고등학교,,평양교통학교,특수학교,북한,year_평양교통학교_특수학교_북한
김용술,,,,,668,김용술,연도미상 인민경제대학 졸업,,인민경제대학교,대학교,북한,year_인민경제대학교_대학교_북한
김유호,,,,,669,김유호,연도미상 함흥화학공업대학 졸업,,함흥화학공업대학교,대학교,북한,year_함흥화학공업대학교_대학교_북한
김정호,,,,,673,김정호,연도미상 김일성종합대학,,김일성종합대학교,대학교,북한,year_김일성종합대학교_대학교_북한
박동춘,,,,,685,박동춘,연도미상 평양외국어대학 졸업,,평양외국어대학교,대학교,북한,year_평양외국어대학교_대학교_북한
송석환,,,,,701,송석환,연도미상 평양음악대학,,평양음악대학교,대학교,북한,year_평양음악대학교_대학교_북한
송일호,,,,,702,송일호,연도미상 김형직사범대학 졸업,,김형직사범대학교,대학교,북한,year_김형직사범대학교_대학교_북한
오광철,,,,,705,오광철,연도미상 김일성종합대 프랑스어과 졸업,,김일성종합대학교,대학교,북한,year_김일성종합대학교_대학교_북한
오길방,,,,,706,오길방,연도미상 김일성종합대학 졸업,,김일성종합대학교,대학교,북한,year_김일성종합대학교_대학교_북한
우두태,,,,,707,우두태,연도미상 문평제련소 공장대학 야금과,,공장대학,대학교,북한,year_공장대학_대학교_북한
이금범,,,,,711,이금범,연도미상 평양체신대학 전자공학,,평양체신대학교,대학교,북한,year_평양체신대학교_대학교_북한
심철호,,,,,799,심철호,연도미상 김일성종합대학 졸업,,김일성종합대학교,대학교,북한,year_김일성종합대학교_대학교_북한
조연준,,,,,804,조연준,연도미상 김일성종합대학 졸업,,김일성종합대학교,대학교,북한,year_김일성종합대학교_대학교_북한
