LeaderID,FamilyMemberRelationship,FamilyMemberName,FamilyMemberSex,FamilyMemberBirthString,FamilyMemberCurrentOrganization,FamilyMemberCurrentPosition,FamilyMemberDeathReported,FamilyString_2015
강관주,매,강관숙,여성,연도미상,,,,딸: 강정옥
강관주,매,강관숙,여성,연도미상,,,,"여동생: 강관숙(前 중앙도서관 관장, 김달현의 처)"
강관주,자,강정옥,여성,1963,,,,딸: 강정옥
강관주,자,강정옥,여성,1963,,,,"여동생: 강관숙(前 중앙도서관 관장, 김달현의 처)"
강관주,사위,손영훈,남성,1960,,,,딸: 강정옥
강관주,사위,손영훈,남성,1960,,,,"여동생: 강관숙(前 중앙도서관 관장, 김달현의 처)"
강석숭,제,강석주,남성,1939.08.29,당 정치국,위원,,동생: 강석주(외무성 제1부상)
강석주,형,강석숭,남성,1932.09.18,당 역사연구소,소장,사망,"형: 강석숭(前 당 역사연구소 소장, 사망)"
강석주,제,강석룡,남성,연도미상,,,,"형: 강석숭(前 당 역사연구소 소장, 사망)"
강석주,제,강석목,남성,연도미상,,,,"형: 강석숭(前 당 역사연구소 소장, 사망)"
강석주,사위,주동일,남성,1947,,,,"형: 강석숭(前 당 역사연구소 소장, 사망)"
강석주,자,강태성,남성,연도미상,,,,"형: 강석숭(前 당 역사연구소 소장, 사망)"
강성산,처,이정애,여성,연도미상,,,,
강성산,매,강정숙,여성,연도미상,,,,
강성산,제,강석구,남성,연도미상,,,,
강성산,매,강영숙,여성,연도미상,,,,
강영섭,부,강양욱,남성,연도미상,,,사망,"부(父): 강양욱(前 국가부주석, 김일성의 외종숙, 사망)"
강영섭,처,김진오,여성,연도미상,,,,"부(父): 강양욱(前 국가부주석, 김일성의 외종숙, 사망)"
강영섭,자,강명철,남성,연도미상,,,,"부(父): 강양욱(前 국가부주석, 김일성의 외종숙, 사망)"
강영섭,자,강명일,남성,연도미상,,,,"부(父): 강양욱(前 국가부주석, 김일성의 외종숙, 사망)"
강영섭,자,강명순,여성,연도미상,,,,"부(父): 강양욱(前 국가부주석, 김일성의 외종숙, 사망)"
강영섭,자,강명애,여성,연도미상,,,,"부(父): 강양욱(前 국가부주석, 김일성의 외종숙, 사망)"
계응태,자,계영숙,여성,연도미상,,,,
계응태,자,계영화,여성,연도미상,,,,
계응태,자,계학원,남성,연도미상,,,,
계응태,자,계학진,남성,연도미상,,,,
계응태,자,계학선,남성,연도미상,,,,
권희경,자,권일,남성,연도미상,,,,
김격식,사촌동생,김대식,남성,연도미상,,,,
김경희,오빠,김정일,남성,1942.02.16,조선노동당,총비서,사망,남편: 장성택(국방위원회 부위원장 겸 당 중앙위 부장)
김경희,오빠,김정일,남성,1942.02.16,조선노동당,총비서,사망,"오빠: 김정일(前 당 총비서, ’11.12월 사망)"
김경희,남편,장성택,남성,1946.01.22,국무위원회,부위원장,사망,남편: 장성택(국방위원회 부위원장 겸 당 중앙위 부장)
김경희,남편,장성택,남성,1946.01.22,국무위원회,부위원장,사망,"오빠: 김정일(前 당 총비서, ’11.12월 사망)"
김경희,자,장금송,여성,연도미상,,,사망,남편: 장성택(국방위원회 부위원장 겸 당 중앙위 부장)
김경희,자,장금송,여성,연도미상,,,사망,"오빠: 김정일(前 당 총비서, ’11.12월 사망)"
김경희,부,김일성,남성,1912.04.15,,,사망,남편: 장성택(국방위원회 부위원장 겸 당 중앙위 부장)
김경희,부,김일성,남성,1912.04.15,,,사망,"오빠: 김정일(前 당 총비서, ’11.12월 사망)"
김경희,이복남매,김평일,남성,1954.08.10,,,,남편: 장성택(국방위원회 부위원장 겸 당 중앙위 부장)
김경희,이복남매,김평일,남성,1954.08.10,,,,"오빠: 김정일(前 당 총비서, ’11.12월 사망)"
김계관,장인,정일룡,남성,연도미상,,,사망,"장인 : 정일룡(前 내각 부수상, 사망)"
김국태,부,김책,남성,연도미상,,,사망,"부(父): 김책(前 내각 부수상, 사망)"
김국태,자,김광일,남성,연도미상,,,,"부(父): 김책(前 내각 부수상, 사망)"
김국태,자,김문경,여성,연도미상,,,,"부(父): 김책(前 내각 부수상, 사망)"
김국태,사위,이홍식,남성,연도미상,,,,"부(父): 김책(前 내각 부수상, 사망)"
김기남,자,김정익,여성,연도미상,,,,
김기남,자,김정희,여성,연도미상,,,,
김성애,남편,김일성,남성,1912.04.15,국가,주석,사망,"남편: 김일성(前 국가주석, 사망)"
김성애,남편,김일성,남성,1912.04.15,국가,주석,사망,"자녀: 김평일(54년생, 폴란드 대사), 김영일(사망), 김경진(52년생)"
김성애,자,김평일,남성,1954.08.10,,,,"남편: 김일성(前 국가주석, 사망)"
김성애,자,김평일,남성,1954.08.10,,,,"자녀: 김평일(54년생, 폴란드 대사), 김영일(사망), 김경진(52년생)"
김성애,자,김경진,여성,1952,,,,"남편: 김일성(前 국가주석, 사망)"
김성애,자,김경진,여성,1952,,,,"자녀: 김평일(54년생, 폴란드 대사), 김영일(사망), 김경진(52년생)"
김성애,자,김영일,남성,연도미상,,,사망,"남편: 김일성(前 국가주석, 사망)"
김성애,자,김영일,남성,연도미상,,,사망,"자녀: 김평일(54년생, 폴란드 대사), 김영일(사망), 김경진(52년생)"
김여정,부,김정일,남성,1942.02.16,조선노동당,총비서,사망,
김여정,모,고영희,여성,1952.06.26,,,사망,
김여정,오빠,김정철,남성,1981.09.25,,,,
김여정,오빠,김정은,남성,1984.01.08,조선노동당,총비서,,
김영남,동생,김두남,남성,연도미상,,,사망,"동생: 김두남(前 인민무력부 부부장 겸 인민군 대장, 사망)"
김영일a,장인,전문섭,남성,1919.11.24,,,사망,"장인 : 전문섭(前 국가검열위원장, 사망)"
김영주,형,김일성,남성,1912.04.15,국가,주석,사망,"형: 김일성(前 국가주석, 사망)"
김영주,사위,리명산,남성,연도미상,,,,"형: 김일성(前 국가주석, 사망)"
김영춘,사위,리성호,남성,1963.06.21,,,,
김용순,자,김성,남성,1963,,,,
김용순,자,김란,여성,1971,,,,
김원홍,자,김철,남성,연도미상,,,,
김윤혁a,사위,홍기호,남성,연도미상,,,,
김익현,자,김성진,남성,연도미상,,,,
김익현,자,김정애,여성,1958,,,,
김일,자,박용석,남성,1928,당 검열위원회,위원장,사망,
김일성,사촌동생,김정숙,여성,1930,조선대외문화연락위원회,위원장,,"김성애(1924～  )-경진(1952년생), 평일(1954년생),"
김일성,사촌동생,김정숙,여성,1930,조선대외문화연락위원회,위원장,,"영일(1955년생, ‘00 사망)"
김일성,사촌동생,김정숙,여성,1930,조선대외문화연락위원회,위원장,,"처: 김정숙(1917～49)-정일(1942년생), 경희(1946년생)"
김일성,자,김정일,남성,1942.02.16,조선노동당,총비서,사망,"김성애(1924～  )-경진(1952년생), 평일(1954년생),"
김일성,자,김정일,남성,1942.02.16,조선노동당,총비서,사망,"영일(1955년생, ‘00 사망)"
김일성,자,김정일,남성,1942.02.16,조선노동당,총비서,사망,"처: 김정숙(1917～49)-정일(1942년생), 경희(1946년생)"
김일성,자,김경희,여성,1946.05.30,,,,"김성애(1924～  )-경진(1952년생), 평일(1954년생),"
김일성,자,김경희,여성,1946.05.30,,,,"영일(1955년생, ‘00 사망)"
김일성,자,김경희,여성,1946.05.30,,,,"처: 김정숙(1917～49)-정일(1942년생), 경희(1946년생)"
김일성,처,김성애,여성,1924.12.29,조선사회주의여성동맹,중앙위원회 위원장,사망,"김성애(1924～  )-경진(1952년생), 평일(1954년생),"
김일성,처,김성애,여성,1924.12.29,조선사회주의여성동맹,중앙위원회 위원장,사망,"영일(1955년생, ‘00 사망)"
김일성,처,김성애,여성,1924.12.29,조선사회주의여성동맹,중앙위원회 위원장,사망,"처: 김정숙(1917～49)-정일(1942년생), 경희(1946년생)"
김일성,자,김경진,여성,1952,,,,"김성애(1924～  )-경진(1952년생), 평일(1954년생),"
김일성,자,김경진,여성,1952,,,,"영일(1955년생, ‘00 사망)"
김일성,자,김경진,여성,1952,,,,"처: 김정숙(1917～49)-정일(1942년생), 경희(1946년생)"
김일성,자,김평일,남성,1954.08.10,,,,"김성애(1924～  )-경진(1952년생), 평일(1954년생),"
김일성,자,김평일,남성,1954.08.10,,,,"영일(1955년생, ‘00 사망)"
김일성,자,김평일,남성,1954.08.10,,,,"처: 김정숙(1917～49)-정일(1942년생), 경희(1946년생)"
김일성,처,김정숙,여성,1917,,,사망,"김성애(1924～  )-경진(1952년생), 평일(1954년생),"
김일성,처,김정숙,여성,1917,,,사망,"영일(1955년생, ‘00 사망)"
김일성,처,김정숙,여성,1917,,,사망,"처: 김정숙(1917～49)-정일(1942년생), 경희(1946년생)"
김일성,자,김영일,남성,1955,,,사망,"김성애(1924～  )-경진(1952년생), 평일(1954년생),"
김일성,자,김영일,남성,1955,,,사망,"영일(1955년생, ‘00 사망)"
김일성,자,김영일,남성,1955,,,사망,"처: 김정숙(1917～49)-정일(1942년생), 경희(1946년생)"
김일성,동생,김영주,남성,연도미상,,,,"김성애(1924～  )-경진(1952년생), 평일(1954년생),"
김일성,동생,김영주,남성,연도미상,,,,"영일(1955년생, ‘00 사망)"
김일성,동생,김영주,남성,연도미상,,,,"처: 김정숙(1917～49)-정일(1942년생), 경희(1946년생)"
김정숙,남편,허담,남성,연도미상,,,사망,"남편: 허담(前 조국평화통일위원회 위원장, 사망)"
김정숙,남편,허담,남성,연도미상,,,사망,"사촌오빠: 김일성(前 국가주석, 사망)"
김정숙,사촌오빠,김일성,남성,1912.04.15,국가,주석,사망,"남편: 허담(前 조국평화통일위원회 위원장, 사망)"
김정숙,사촌오빠,김일성,남성,1912.04.15,국가,주석,사망,"사촌오빠: 김일성(前 국가주석, 사망)"
김정은,부,김정일,남성,1942.02.16,조선노동당,총비서,사망,"모(母): 고영희(’04년 사망), 형: 김정철, 동생: 김여정"
김정은,부,김정일,남성,1942.02.16,조선노동당,총비서,사망,"부(父): 김정일(前 당 총비서, ’11.12.17 사망)"
김정은,모,고영희,여성,1952.06.26,,,사망,"모(母): 고영희(’04년 사망), 형: 김정철, 동생: 김여정"
김정은,모,고영희,여성,1952.06.26,,,사망,"부(父): 김정일(前 당 총비서, ’11.12.17 사망)"
김정은,형,김정철,남성,연도미상,,,,"모(母): 고영희(’04년 사망), 형: 김정철, 동생: 김여정"
김정은,형,김정철,남성,연도미상,,,,"부(父): 김정일(前 당 총비서, ’11.12.17 사망)"
김정은,매,김여정,여성,연도미상,국무위원회,위원,,"모(母): 고영희(’04년 사망), 형: 김정철, 동생: 김여정"
김정은,매,김여정,여성,연도미상,국무위원회,위원,,"부(父): 김정일(前 당 총비서, ’11.12.17 사망)"
김정은,처,리설주,여성,연도미상,,,,"모(母): 고영희(’04년 사망), 형: 김정철, 동생: 김여정"
김정은,처,리설주,여성,연도미상,,,,"부(父): 김정일(前 당 총비서, ’11.12.17 사망)"
김정은,이복형제,김정남,남성,1971.05.10,기계공업성,상,사망,"모(母): 고영희(’04년 사망), 형: 김정철, 동생: 김여정"
김정은,이복형제,김정남,남성,1971.05.10,기계공업성,상,사망,"부(父): 김정일(前 당 총비서, ’11.12.17 사망)"
김정은,조부,김일성,남성,1912.04.15,국가,주석,사망,"모(母): 고영희(’04년 사망), 형: 김정철, 동생: 김여정"
김정은,조부,김일성,남성,1912.04.15,국가,주석,사망,"부(父): 김정일(前 당 총비서, ’11.12.17 사망)"
김정일,부,김일성,남성,1912.04.15,국가,주석,사망,"설송(74년생, 여) / 김영숙(47년생)"
김정일,부,김일성,남성,1912.04.15,국가,주석,사망,"이복동생: 김경진(52년생), 김평일(54년생), 김영일(55년생, ’00 사망)"
김정일,부,김일성,남성,1912.04.15,국가,주석,사망,"자녀: 정남(71년생) / 성혜림(37년생, ’02.5 사망)"
김정일,부,김일성,남성,1912.04.15,국가,주석,사망,"정철(81년생), 정은(84년생說), 여정(여, 87년생說)/ 고영희(53년생, ’04.8 사망)"
김정일,부,김일성,남성,1912.04.15,국가,주석,사망,처: 김영숙(47년생)
김정일,부,김일성,남성,1912.04.15,국가,주석,사망,친동생: 김경희(46년생)
김정일,처,성혜림,여성,1937,,,사망,"설송(74년생, 여) / 김영숙(47년생)"
김정일,처,성혜림,여성,1937,,,사망,"이복동생: 김경진(52년생), 김평일(54년생), 김영일(55년생, ’00 사망)"
김정일,처,성혜림,여성,1937,,,사망,"자녀: 정남(71년생) / 성혜림(37년생, ’02.5 사망)"
김정일,처,성혜림,여성,1937,,,사망,"정철(81년생), 정은(84년생說), 여정(여, 87년생說)/ 고영희(53년생, ’04.8 사망)"
김정일,처,성혜림,여성,1937,,,사망,처: 김영숙(47년생)
김정일,처,성혜림,여성,1937,,,사망,친동생: 김경희(46년생)
김정일,처,김영숙,여성,1947,,,사망,"설송(74년생, 여) / 김영숙(47년생)"
김정일,처,김영숙,여성,1947,,,사망,"이복동생: 김경진(52년생), 김평일(54년생), 김영일(55년생, ’00 사망)"
김정일,처,김영숙,여성,1947,,,사망,"자녀: 정남(71년생) / 성혜림(37년생, ’02.5 사망)"
김정일,처,김영숙,여성,1947,,,사망,"정철(81년생), 정은(84년생說), 여정(여, 87년생說)/ 고영희(53년생, ’04.8 사망)"
김정일,처,김영숙,여성,1947,,,사망,처: 김영숙(47년생)
김정일,처,김영숙,여성,1947,,,사망,친동생: 김경희(46년생)
김정일,자,김정남,남성,1971.05.10,기계공업성,상,사망,"설송(74년생, 여) / 김영숙(47년생)"
김정일,자,김정남,남성,1971.05.10,기계공업성,상,사망,"이복동생: 김경진(52년생), 김평일(54년생), 김영일(55년생, ’00 사망)"
김정일,자,김정남,남성,1971.05.10,기계공업성,상,사망,"자녀: 정남(71년생) / 성혜림(37년생, ’02.5 사망)"
김정일,자,김정남,남성,1971.05.10,기계공업성,상,사망,"정철(81년생), 정은(84년생說), 여정(여, 87년생說)/ 고영희(53년생, ’04.8 사망)"
김정일,자,김정남,남성,1971.05.10,기계공업성,상,사망,처: 김영숙(47년생)
김정일,자,김정남,남성,1971.05.10,기계공업성,상,사망,친동생: 김경희(46년생)
김정일,자,김설송,여성,1974,,,,"설송(74년생, 여) / 김영숙(47년생)"
김정일,자,김설송,여성,1974,,,,"이복동생: 김경진(52년생), 김평일(54년생), 김영일(55년생, ’00 사망)"
김정일,자,김설송,여성,1974,,,,"자녀: 정남(71년생) / 성혜림(37년생, ’02.5 사망)"
김정일,자,김설송,여성,1974,,,,"정철(81년생), 정은(84년생說), 여정(여, 87년생說)/ 고영희(53년생, ’04.8 사망)"
김정일,자,김설송,여성,1974,,,,처: 김영숙(47년생)
김정일,자,김설송,여성,1974,,,,친동생: 김경희(46년생)
김정일,자,김춘송,여성,1976,,,,"설송(74년생, 여) / 김영숙(47년생)"
김정일,자,김춘송,여성,1976,,,,"이복동생: 김경진(52년생), 김평일(54년생), 김영일(55년생, ’00 사망)"
김정일,자,김춘송,여성,1976,,,,"자녀: 정남(71년생) / 성혜림(37년생, ’02.5 사망)"
김정일,자,김춘송,여성,1976,,,,"정철(81년생), 정은(84년생說), 여정(여, 87년생說)/ 고영희(53년생, ’04.8 사망)"
김정일,자,김춘송,여성,1976,,,,처: 김영숙(47년생)
김정일,자,김춘송,여성,1976,,,,친동생: 김경희(46년생)
김정일,처,고영희,여성,1953,,,사망,"설송(74년생, 여) / 김영숙(47년생)"
김정일,처,고영희,여성,1953,,,사망,"이복동생: 김경진(52년생), 김평일(54년생), 김영일(55년생, ’00 사망)"
김정일,처,고영희,여성,1953,,,사망,"자녀: 정남(71년생) / 성혜림(37년생, ’02.5 사망)"
김정일,처,고영희,여성,1953,,,사망,"정철(81년생), 정은(84년생說), 여정(여, 87년생說)/ 고영희(53년생, ’04.8 사망)"
김정일,처,고영희,여성,1953,,,사망,처: 김영숙(47년생)
김정일,처,고영희,여성,1953,,,사망,친동생: 김경희(46년생)
김정일,자,김정철,남성,연도미상,,,,"설송(74년생, 여) / 김영숙(47년생)"
김정일,자,김정철,남성,연도미상,,,,"이복동생: 김경진(52년생), 김평일(54년생), 김영일(55년생, ’00 사망)"
김정일,자,김정철,남성,연도미상,,,,"자녀: 정남(71년생) / 성혜림(37년생, ’02.5 사망)"
김정일,자,김정철,남성,연도미상,,,,"정철(81년생), 정은(84년생說), 여정(여, 87년생說)/ 고영희(53년생, ’04.8 사망)"
김정일,자,김정철,남성,연도미상,,,,처: 김영숙(47년생)
김정일,자,김정철,남성,연도미상,,,,친동생: 김경희(46년생)
김정일,자,김정은,남성,1984.01.08,조선노동당,총비서,,"설송(74년생, 여) / 김영숙(47년생)"
김정일,자,김정은,남성,1984.01.08,조선노동당,총비서,,"이복동생: 김경진(52년생), 김평일(54년생), 김영일(55년생, ’00 사망)"
김정일,자,김정은,남성,1984.01.08,조선노동당,총비서,,"자녀: 정남(71년생) / 성혜림(37년생, ’02.5 사망)"
김정일,자,김정은,남성,1984.01.08,조선노동당,총비서,,"정철(81년생), 정은(84년생說), 여정(여, 87년생說)/ 고영희(53년생, ’04.8 사망)"
김정일,자,김정은,남성,1984.01.08,조선노동당,총비서,,처: 김영숙(47년생)
김정일,자,김정은,남성,1984.01.08,조선노동당,총비서,,친동생: 김경희(46년생)
김정일,자,김여정,여성,연도미상,국무위원회,위원,,"설송(74년생, 여) / 김영숙(47년생)"
김정일,자,김여정,여성,연도미상,국무위원회,위원,,"이복동생: 김경진(52년생), 김평일(54년생), 김영일(55년생, ’00 사망)"
김정일,자,김여정,여성,연도미상,국무위원회,위원,,"자녀: 정남(71년생) / 성혜림(37년생, ’02.5 사망)"
김정일,자,김여정,여성,연도미상,국무위원회,위원,,"정철(81년생), 정은(84년생說), 여정(여, 87년생說)/ 고영희(53년생, ’04.8 사망)"
김정일,자,김여정,여성,연도미상,국무위원회,위원,,처: 김영숙(47년생)
김정일,자,김여정,여성,연도미상,국무위원회,위원,,친동생: 김경희(46년생)
김정일,매,김경희,여성,1946.05.30,,,,"설송(74년생, 여) / 김영숙(47년생)"
김정일,매,김경희,여성,1946.05.30,,,,"이복동생: 김경진(52년생), 김평일(54년생), 김영일(55년생, ’00 사망)"
김정일,매,김경희,여성,1946.05.30,,,,"자녀: 정남(71년생) / 성혜림(37년생, ’02.5 사망)"
김정일,매,김경희,여성,1946.05.30,,,,"정철(81년생), 정은(84년생說), 여정(여, 87년생說)/ 고영희(53년생, ’04.8 사망)"
김정일,매,김경희,여성,1946.05.30,,,,처: 김영숙(47년생)
김정일,매,김경희,여성,1946.05.30,,,,친동생: 김경희(46년생)
김정일,매제,장성택,남성,1946.01.22,국무위원회,부위원장,사망,"설송(74년생, 여) / 김영숙(47년생)"
김정일,매제,장성택,남성,1946.01.22,국무위원회,부위원장,사망,"이복동생: 김경진(52년생), 김평일(54년생), 김영일(55년생, ’00 사망)"
김정일,매제,장성택,남성,1946.01.22,국무위원회,부위원장,사망,"자녀: 정남(71년생) / 성혜림(37년생, ’02.5 사망)"
김정일,매제,장성택,남성,1946.01.22,국무위원회,부위원장,사망,"정철(81년생), 정은(84년생說), 여정(여, 87년생說)/ 고영희(53년생, ’04.8 사망)"
김정일,매제,장성택,남성,1946.01.22,국무위원회,부위원장,사망,처: 김영숙(47년생)
김정일,매제,장성택,남성,1946.01.22,국무위원회,부위원장,사망,친동생: 김경희(46년생)
김정일,조카,장금송,여성,연도미상,,,사망,"설송(74년생, 여) / 김영숙(47년생)"
김정일,조카,장금송,여성,연도미상,,,사망,"이복동생: 김경진(52년생), 김평일(54년생), 김영일(55년생, ’00 사망)"
김정일,조카,장금송,여성,연도미상,,,사망,"자녀: 정남(71년생) / 성혜림(37년생, ’02.5 사망)"
김정일,조카,장금송,여성,연도미상,,,사망,"정철(81년생), 정은(84년생說), 여정(여, 87년생說)/ 고영희(53년생, ’04.8 사망)"
김정일,조카,장금송,여성,연도미상,,,사망,처: 김영숙(47년생)
김정일,조카,장금송,여성,연도미상,,,사망,친동생: 김경희(46년생)
김정일,이복형제,김경진,여성,1952,,,,"설송(74년생, 여) / 김영숙(47년생)"
김정일,이복형제,김경진,여성,1952,,,,"이복동생: 김경진(52년생), 김평일(54년생), 김영일(55년생, ’00 사망)"
김정일,이복형제,김경진,여성,1952,,,,"자녀: 정남(71년생) / 성혜림(37년생, ’02.5 사망)"
김정일,이복형제,김경진,여성,1952,,,,"정철(81년생), 정은(84년생說), 여정(여, 87년생說)/ 고영희(53년생, ’04.8 사망)"
김정일,이복형제,김경진,여성,1952,,,,처: 김영숙(47년생)
김정일,이복형제,김경진,여성,1952,,,,친동생: 김경희(46년생)
김정일,이복형제,김평일,남성,1954.08.10,,,,"설송(74년생, 여) / 김영숙(47년생)"
김정일,이복형제,김평일,남성,1954.08.10,,,,"이복동생: 김경진(52년생), 김평일(54년생), 김영일(55년생, ’00 사망)"
김정일,이복형제,김평일,남성,1954.08.10,,,,"자녀: 정남(71년생) / 성혜림(37년생, ’02.5 사망)"
김정일,이복형제,김평일,남성,1954.08.10,,,,"정철(81년생), 정은(84년생說), 여정(여, 87년생說)/ 고영희(53년생, ’04.8 사망)"
김정일,이복형제,김평일,남성,1954.08.10,,,,처: 김영숙(47년생)
김정일,이복형제,김평일,남성,1954.08.10,,,,친동생: 김경희(46년생)
김정일,모,김정숙,여성,1917,,,사망,"설송(74년생, 여) / 김영숙(47년생)"
김정일,모,김정숙,여성,1917,,,사망,"이복동생: 김경진(52년생), 김평일(54년생), 김영일(55년생, ’00 사망)"
김정일,모,김정숙,여성,1917,,,사망,"자녀: 정남(71년생) / 성혜림(37년생, ’02.5 사망)"
김정일,모,김정숙,여성,1917,,,사망,"정철(81년생), 정은(84년생說), 여정(여, 87년생說)/ 고영희(53년생, ’04.8 사망)"
김정일,모,김정숙,여성,1917,,,사망,처: 김영숙(47년생)
김정일,모,김정숙,여성,1917,,,사망,친동생: 김경희(46년생)
김중린,자,김명신,남성,1960,,,,
김중린,자,김명희,여성,1962,,,,
김중린,자,김명옥,여성,1964,,,,
김평일,부,김일성,남성,1912.04.15,국가,주석,사망,모(母): 김성애(24년생)
김평일,부,김일성,남성,1912.04.15,국가,주석,사망,"부(父): 김일성(前 국가주석, ’94.7월 사망)"
김평일,부,김일성,남성,1912.04.15,국가,주석,사망,"이복남매: 김정일(前 당 총비서, ’11.12월 사망), 김경희(46년생)"
김평일,부,김일성,남성,1912.04.15,국가,주석,사망,"친남매: 김경진(52년생), 김영일(55년생, ’00년 사망)"
김평일,모,김성애,여성,1924.12.29,조선사회주의여성동맹,중앙위원회 위원장,,모(母): 김성애(24년생)
김평일,모,김성애,여성,1924.12.29,조선사회주의여성동맹,중앙위원회 위원장,,"부(父): 김일성(前 국가주석, ’94.7월 사망)"
김평일,모,김성애,여성,1924.12.29,조선사회주의여성동맹,중앙위원회 위원장,,"이복남매: 김정일(前 당 총비서, ’11.12월 사망), 김경희(46년생)"
김평일,모,김성애,여성,1924.12.29,조선사회주의여성동맹,중앙위원회 위원장,,"친남매: 김경진(52년생), 김영일(55년생, ’00년 사망)"
김평일,누나,김경진,여성,1952,,,,모(母): 김성애(24년생)
김평일,누나,김경진,여성,1952,,,,"부(父): 김일성(前 국가주석, ’94.7월 사망)"
김평일,누나,김경진,여성,1952,,,,"이복남매: 김정일(前 당 총비서, ’11.12월 사망), 김경희(46년생)"
김평일,누나,김경진,여성,1952,,,,"친남매: 김경진(52년생), 김영일(55년생, ’00년 사망)"
김평일,이복형제,김정일,남성,1942.02.16,조선노동당,총비서,사망,모(母): 김성애(24년생)
김평일,이복형제,김정일,남성,1942.02.16,조선노동당,총비서,사망,"부(父): 김일성(前 국가주석, ’94.7월 사망)"
김평일,이복형제,김정일,남성,1942.02.16,조선노동당,총비서,사망,"이복남매: 김정일(前 당 총비서, ’11.12월 사망), 김경희(46년생)"
김평일,이복형제,김정일,남성,1942.02.16,조선노동당,총비서,사망,"친남매: 김경진(52년생), 김영일(55년생, ’00년 사망)"
김평일,이복남매,김경희,여성,1946.05.30,,,,모(母): 김성애(24년생)
김평일,이복남매,김경희,여성,1946.05.30,,,,"부(父): 김일성(前 국가주석, ’94.7월 사망)"
김평일,이복남매,김경희,여성,1946.05.30,,,,"이복남매: 김정일(前 당 총비서, ’11.12월 사망), 김경희(46년생)"
김평일,이복남매,김경희,여성,1946.05.30,,,,"친남매: 김경진(52년생), 김영일(55년생, ’00년 사망)"
김평일,동생,김영일,미상,1955,,,사망,모(母): 김성애(24년생)
김평일,동생,김영일,미상,1955,,,사망,"부(父): 김일성(前 국가주석, ’94.7월 사망)"
김평일,동생,김영일,미상,1955,,,사망,"이복남매: 김정일(前 당 총비서, ’11.12월 사망), 김경희(46년생)"
김평일,동생,김영일,미상,1955,,,사망,"친남매: 김경진(52년생), 김영일(55년생, ’00년 사망)"
류미영,남편,최덕신,남성,연도미상,,,사망,"남편: 최덕신(前 외무부장관, 사망)"
리명산,장인,김영주,남성,연도미상,,,,장인 : 김영주(최고인민회의 상임위 명예부위원장)
리설주,남편,김정은,남성,연도미상,조선노동당,총비서,,
리성호,장인,김영춘,남성,1936.03.04,당 중앙위원회,위원,,
리용무,처,김정순,여성,연도미상,,,,처: 김정순(김일성의 사촌 여동생)
리용철b,백부,이화영,남성,연도미상,,,사망,부(父): 리화선(前 당 조직지도부 부부장)
리용철b,부,리화선,남성,연도미상,,,사망,부(父): 리화선(前 당 조직지도부 부부장)
리용호,부,이명제,남성,연도미상,,,,"부(父): 리명제(前 당 조직지도부 부부장, 사망)"
리을설,사위,박명국,남성,연도미상,외무성,부상,,
리종옥,자,이만호,남성,연도미상,,,,
리종혁,부,이기영,남성,연도미상,,,사망,"부(父): 리기영(前 문예총 위원장, 월북 작가, ’84.8 사망)"
리종혁,형,이평,남성,연도미상,,,,"부(父): 리기영(前 문예총 위원장, 월북 작가, ’84.8 사망)"
리종혁,부,리기영,남성,연도미상,,,사망,"부(父): 리기영(前 문예총 위원장, 월북 작가, ’84.8 사망)"
리하일,사위,박근광,남성,연도미상,,,,
문재철,장인,박성철,남성,연도미상,,,,"장인: 박성철(前 부주석, 사망)"
박명국,장인,이을설,남성,1921,인민군,공화국 원수,,장인: 리을설(인민군 원수)
박명국,장인,이을설,남성,1921,인민군,공화국 원수,,"처: 리춘희(1955년생, 리을설의 4녀)"
박명국,처,이춘희,여성,1955,,,,장인: 리을설(인민군 원수)
박명국,처,이춘희,여성,1955,,,,"처: 리춘희(1955년생, 리을설의 4녀)"
박명선,오빠,박명철,남성,1941.09.15,,,,오빠: 박명철(체육상)
박명철a,동생,박명선,여성,1943.06.15,당 중앙위원회,후보위원,,동생: 박명선(인민봉사총국 총국장)
박성철a,형,김일,남성,1910.03.20,당 정치국,상무위원,사망,"김일성의 종매부 형: 김일(前 국가부주석, 사망)"
박성철a,자,박춘식,남성,연도미상,,,,"김일성의 종매부 형: 김일(前 국가부주석, 사망)"
박성철a,자,박춘보,남성,연도미상,,,,"김일성의 종매부 형: 김일(前 국가부주석, 사망)"
박성철a,자,박춘원,남성,연도미상,,,,"김일성의 종매부 형: 김일(前 국가부주석, 사망)"
박성철a,처,김경하,여성,연도미상,,,,"김일성의 종매부 형: 김일(前 국가부주석, 사망)"
박성철a,자,박춘혜,여성,연도미상,,,,"김일성의 종매부 형: 김일(前 국가부주석, 사망)"
박성철a,사위,문재철,남성,연도미상,,,,"김일성의 종매부 형: 김일(前 국가부주석, 사망)"
박용석,부,김일,남성,1910.03.20,당 정치국,상무위원,사망,"부(父): 김일(前 국가부주석, 사망)"
박용석,제,박기서,남성,1929,당 중앙군사위원회,위원,사망,"부(父): 김일(前 국가부주석, 사망)"
백남순,자,백락천,남성,1957,,,,
백남순,자,백기천,남성,연도미상,,,,
백남순,자,백룡천,남성,연도미상,,,,
백룡천,부,백남순,남성,1929.03.13,외무성,상,사망,"부 : 백남순(前 외무상, 사망)"
백학림,자,백영일,남성,연도미상,,,,
백학림,자,백은희,여성,연도미상,,,,
백학림,자,백은숙,여성,연도미상,,,,
백학림,자,백혜영,여성,연도미상,,,,
성자립,부,성시백,남성,연도미상,,,사망,
성자립,형,성세창,남성,연도미상,,,사망,
성자립,형,성녹창,남성,연도미상,,,,
심철호,부,심창완,남성,연도미상,,,,
양형섭,처,김신숙,여성,연도미상,,,사망,
양형섭,형,양형만,남성,연도미상,,,,
양형섭,자,양수일,남성,1956,,,,
양형섭,자,양수연,여성,1958,,,,
양형섭,자,양수정,여성,1962,,,,
여원구,부,여운형,남성,연도미상,,,사망,
여원구,언니,여연구,여성,1927.08.29,,,사망,
연형묵,처,신오순,여성,1936,,,,
연형묵,양자,연희준,남성,1967,,,,
오극렬,부,오중성,남성,연도미상,,,사망,
오극렬,당숙,오중흡,남성,연도미상,,,사망,
오극렬,자,오혜영,여성,1956,,,,
오극렬,자,오혜옥,여성,1958,,,,
오극렬,자,오영애,여성,1960,,,,
오극렬,자,오세욱,남성,1962,,,,
오극렬,자,오혜선,여성,1965,,,,
오극렬,자,오영란,여성,1968,,,,
오극렬,사위,서호원,남성,연도미상,,,,
오극렬,자,오세현,남성,연도미상,,,,
오금철,부,오백룡,남성,연도미상,,,사망,"부(父): 오백룡(前 조선인민혁명군 지휘관, 사망)"
오일정,부,오진우,남성,1917.03.09,인민무력부,부장,사망,"부(父): 오진우(前 인민무력부장, 사망)"
오진우,처,전금선,여성,연도미상,,,,
오진우,자,오일천,남성,연도미상,,,사망,
오진우,자,오일수,남성,연도미상,,,,
오진우,자,오선화,여성,연도미상,,,,
오진우,자,오일정,남성,1954,당 군정지도부,부장,,
윤기정,오빠,윤기복,남성,1926.08.26,,,사망,"오빠: 윤기복(前 조국전선 중앙위원회 공동의장, 사망)"
자성남,처,장혜경,여성,1958.09.19,,,,
장성길,형,장성우,남성,1933.04.07,인민군,차수,사망,"형제: 장성우(前 3군단장), 장성택(당 중앙위 부장)"
장성길,제,장성택,남성,1946.01.22,국무위원회,부위원장,사망,"형제: 장성우(前 3군단장), 장성택(당 중앙위 부장)"
장성우,제,장성택,남성,1946.01.22,국무위원회,부위원장,사망,"동생: 장성택(당 중앙위 부장), 장성길(인민군 중장, ’06.7사망)"
장성우,제,장성길,남성,1939.01.13,인민군,중장,사망,"동생: 장성택(당 중앙위 부장), 장성길(인민군 중장, ’06.7사망)"
장성택,처,김경희,여성,1946.05.30,,,,"자녀: 장금송(여, ’06.9 사망)"
장성택,처,김경희,여성,1946.05.30,,,,처: 김경희(김일성의 장녀)
장성택,처,김경희,여성,1946.05.30,,,,"형: 장성우(인민군 차수, ’09.8 사망)   장성길(인민군 중장, ’06.7 사망)"
장성택,형,장성우,남성,1933.04.07,인민군,차수,사망,"자녀: 장금송(여, ’06.9 사망)"
장성택,형,장성우,남성,1933.04.07,인민군,차수,사망,처: 김경희(김일성의 장녀)
장성택,형,장성우,남성,1933.04.07,인민군,차수,사망,"형: 장성우(인민군 차수, ’09.8 사망)   장성길(인민군 중장, ’06.7 사망)"
장성택,형,장성길,남성,1939.01.13,인민군,중장,사망,"자녀: 장금송(여, ’06.9 사망)"
장성택,형,장성길,남성,1939.01.13,인민군,중장,사망,처: 김경희(김일성의 장녀)
장성택,형,장성길,남성,1939.01.13,인민군,중장,사망,"형: 장성우(인민군 차수, ’09.8 사망)   장성길(인민군 중장, ’06.7 사망)"
장성택,자,장금송,여성,연도미상,,,사망,"자녀: 장금송(여, ’06.9 사망)"
장성택,자,장금송,여성,연도미상,,,사망,처: 김경희(김일성의 장녀)
장성택,자,장금송,여성,연도미상,,,사망,"형: 장성우(인민군 차수, ’09.8 사망)   장성길(인민군 중장, ’06.7 사망)"
장웅,자,장정혁,남성,연도미상,,,,
전병호,자,전숙희,여성,연도미상,,,,
전병호,사위,김장호,남성,연도미상,,,,
전병호,자,전영철,남성,연도미상,,,,
전영진,처남,장성택,남성,1946.01.22,국무위원회,부위원장,사망,
전종수,부,전인철,남성,연도미상,,,,
전하철,자,전용규,남성,연도미상,,,,
주영길,부,주도일,남성,1919,,,사망,
채희정,처,허숙희,여성,연도미상,,,,
최광,처,김옥선,여성,연도미상,,,,
최룡해,부,최현,남성,연도미상,,,사망,"부(父): 최현(前 인민무력부장, 1982.4 사망)"
최영림,자,최승호,남성,1959,,,,
최영림,자,최선희,여성,1964.08.10,당 중앙위원회,후보위원,,
최휘,부,최재하,남성,연도미상,,,사망,
최휘,제,최연,남성,연도미상,,,,
최휘,매,최미림,여성,연도미상,,,,
태종수,장인,정일룡,남성,연도미상,,,,"장인 : 정일룡(前 내각 부수상, 사망)"
태형철,부,태병렬,남성,연도미상,,,,
한성룡,자,한영호,남성,연도미상,,,,
한성룡,자,한영철,남성,연도미상,,,,
허종,모,최창익,여성,연도미상,,,사망,
허종,부,허정숙,남성,연도미상,,,사망,
현철해,형,현철규,남성,1930,,,,형 : 현철규(前 함경남도 당 책임비서)
현철해,자,현성준,남성,1965,,,,형 : 현철규(前 함경남도 당 책임비서)
현철해,부,현용택,남성,연도미상,,,사망,형 : 현철규(前 함경남도 당 책임비서)
홍석형,부,홍기문,남성,연도미상,,,사망,"조부(祖父): 홍명희(소설 ‘임꺽정’의 저자, 사망)"
홍선옥,부,홍원길,남성,연도미상,,,,"부(父): 홍원길(前 내각 부총리, 사망)"
려원구,,,,,,,,"부(父): 여운형(前 인민당 당수, 사망) 언니: 여연구(前 최고인민회의 상설회의 부의장, 사망)"
김일본,,,,,,,,"자: 박용석(당 중앙위 검열위원장, 07.3사망)"
