LeaderID,Name,NameAlternative,CurrentPositionString,Sex,BirthDateString,BirthPlaceString,DeathReported,DeathString
강관주,강관주,,,남성,1930년 07월 05일,평안남도 대동군,,연도미상
강능수,강능수,,(사망) 당 중앙위원회 위원,남성,1930년 02월 21일,평양시,(사망),2015년 07월 01일
강동윤,강동윤,,당 중앙위원회 부부장,남성,연도미상,,,연도미상
강련학,강련학,강연학,(사망) 민족화해협의회 부회장,남성,연도미상,,(사망),2016년 10월 01일
강명철,강명철,,조선그리스도교연맹 중앙위원회 위원장,남성,연도미상,,,연도미상
강민철,강민철,,,남성,1948년,,,연도미상
강봉훈,강봉훈,,자강도 당위원회 책임비서,남성,연도미상,,,연도미상
강석숭,강석숭,,(사망) 당 역사연구소 소장,남성,1932년 09월 18일,평안남도 평원군,(사망),2001년 05월
강석주,강석주,,(사망) 당 정치국 위원,남성,1939년 08월 29일,평안남도 평원군,(사망),2016년 05월 20일
강성산,강성산,,(사망) 당 중앙위원회 위원,남성,1931년 03월 03일,함경북도 경성군,(사망),2007년
강수린,강수린,,조선불교도연맹 위원장,남성,1952년 03월 11일,,,연도미상
강순남,강순남,,당 중앙위원회 부장,남성,연도미상,,,연도미상
강양모,강양모,,최고인민회의 제14기 대의원,남성,1944년 09월 01일,함경남도,,연도미상
강영섭,강영섭,,(사망) 조선그리스도교연맹 중앙위원회 위원장,남성,1931년 10월 15일,평양시,(사망),2012년 01월 21일
강영수,강영수,,당 중앙위원회 후보위원,남성,1966년 12월 07일,자강도,,연도미상
강영철,강영철,,,남성,1957년,,,연도미상
강영호,강영호,,,남성,1948년,,,연도미상
강윤석,강윤석,,최고인민회의 상임위원회 부위원장,남성,연도미상,,,연도미상
강종관,강종관,,육해운성 상,남성,1959년,,,연도미상
강지영,강지영,,조선종교인협의회 회장,남성,1956년,,,연도미상
강창욱,강창욱,,"6.15공동선언실천을위한북,남해외공동행사북측준비위원회 부위원장",남성,연도미상,,,연도미상
강표영,강표영,,인민무력성 부상,남성,1950년,,,연도미상
강하국,강하국,,,남성,1952년 04월 25일,,,연도미상
강형봉,강형봉,,평안남도 인민위원회 위원장,남성,1957년 05월 20일,,,연도미상
계명철,계명철,,평안북도 농촌경리위원회 위원장,미상,연도미상,,,연도미상
계영삼,계영삼,,,남성,연도미상,평안북도 정주시,,연도미상
계응태,계응태,,(사망) 당 비서국 비서,남성,1925년 02월 25일,평안남도 평원군,(사망),2016년 11월 23일
고길선,고길선,,최고인민회의 상임위원회 서기장,남성,연도미상,,,연도미상
고인호,고인호,,농업성 상,남성,연도미상,,,연도미상
고정범,고정범,,재정성 상,남성,연도미상,,,연도미상
고종덕,고종덕,,,남성,1936년,,,연도미상
고철만,고철만,,,미상,연도미상,,,연도미상
곽범기,곽범기,,,남성,1939년 11월 20일,함경남도,,연도미상
곽창식,곽창식,,호위사령부 사령관,남성,연도미상,,,연도미상
구본태,구본태,,대외경제성 부상,남성,1946년 02월 07일,북한지역외 일본,,연도미상
궁석웅,궁석웅,,,남성,1944년 08월 22일,평안남도,,연도미상
권성호,권성호,,최고인민회의 제14기 대의원,남성,연도미상,,,연도미상
권영진,권영진,,인민군 총정치국 국장,남성,연도미상,,,연도미상
권춘학,권춘학,,,남성,연도미상,,,연도미상
권혁봉,권혁봉,,당 선전선동부 부부장,남성,1944년,,,연도미상
권호웅,권호웅,,,남성,1959년,,,연도미상
권희경,권희경,,(사망) 대외부 부장,남성,1928년 02월 19일,자강도 강계시,(사망),연도미상
기광호,기광호,,최고인민회의 제14기 대의원,미상,1957년 01월 01일,,,연도미상
김격식,김격식,,(사망) 국방위원회 위원,남성,1938년 03월 11일,함경남도 정평군,(사망),2015년 05월 10일
김경남,김경남,,,남성,연도미상,,,연도미상
김경옥,김경옥,,당 중앙위원회 위원,남성,연도미상,,,연도미상
김경준,김경준,,국토환경보호성 상,남성,1964년 08월 09일,,,연도미상
김경호a,김경호,,조선태권도위원회 국제태권도연맹 부총재,남성,1958년 12월 11일,강원도,,연도미상
김경호b,김경호,,,남성,연도미상,,,연도미상
김경희,김경희,,,여성,1946년 05월 30일,평양시,,연도미상
김계관,김계관,,외무성 고문,남성,1943년 01월 06일,평안북도 운산군,,연도미상
김광린,김광린,,,남성,1949년 12월 13일,,,연도미상
김광영,김광영,,,남성,연도미상,,,연도미상
김광철a,김광철,,,남성,연도미상,,,연도미상
김광철b,김광철,,당 중앙검사위원회 위원,남성,연도미상,,,연도미상
김광혁,김광혁,,인민군 대장,남성,연도미상,,,연도미상
김국태,김국태,,(사망),남성,1924년 08월 27일,함경북도 김책시,(사망),2013년 12월 13일
김금철a,김금철,,,남성,연도미상,,,연도미상
김금철b,김금철,,내각 사무장,남성,연도미상,,,연도미상
김기남,김기남,,당 중앙위원회 고문,남성,1929년 08월 28일,함경남도 금야군,,연도미상
김기룡,김기룡,김기용,(사망),남성,1940년 03월 28일,량강도 혜산시,(사망),연도미상
김능오,김능오,,최고인민회의 제14기 대의원,남성,연도미상,,,연도미상
김덕훈,김덕훈,,국무위원회 부위원장,남성,1961년 월 일,,,연도미상
김동선,김동선,,,남성,연도미상,,,연도미상
김두일,김두일,,최고인민회의 제14기 대의원,남성,연도미상,,,연도미상
김락겸,김락겸,,인민군 대장,남성,연도미상,,,연도미상
김락희,김락희,,(사망),여성,1933년 11월 11일,평안남도 개천시,(사망),2013년 02월
김령성,김령성,,조국통일범민족연합북측본부 부의장,남성,1945년,함경남도,,연도미상
김류호,김류호,김유호,,남성,1940년 12월 01일,,,연도미상
김만성,김만성,,최고인민회의 제14기 대의원,남성,연도미상,,,연도미상
김만수,김만수,,당 중앙위원회 위원,남성,1956년 09월 14일,함경북도,,연도미상
김명국,김명국,,(사망),남성,1940년,,(사망),연도미상
김명길a,김명길,,외무성 대사,남성,1959년 03월 14일,자강도 만포시,,연도미상
김명길b,김명길,,,남성,연도미상,,,연도미상
김명남,김명남,,제91수도방어군 군단장,남성,연도미상,,,연도미상
김명식,김명식,,해군사령부 사령관,남성,연도미상,,,연도미상
김명철,김명철,,,남성,연도미상,,,연도미상
김명훈,김명훈,,,남성,연도미상,,,연도미상
김병률,김병률,,(사망) 중앙재판소 소장,남성,1930년,북한지역외 중국,(사망),2013년 11월 05일
김병팔,김병팔,,,남성,1934년 08월 08일,함경북도,,연도미상
김병호,김병호,,당 중앙위원회 위원,남성,1960년 01월 01일,평양시,,연도미상
김병훈,김병훈,,(사망) 당 중앙위원회 후보위원,남성,1929년 11월 14일,함경북도,(사망),2013년 08월
김봉영,김봉영,,,남성,연도미상,,,연도미상
김봉철,김봉철,,,남성,1941년 05월 02일,함경남도,,연도미상
김석준,김석준,,,남성,1961년 01월 01일,평양시,,연도미상
김성,김성,김성,주유엔대표부 상임대표,미상,1959년,,,연도미상
김성규,김성규,,(사망) 당 중앙위원회 부장,남성,1933년,,(사망),2010년 08월 24일
김성기,김성기,,,남성,1957년 08월 19일,량강도,,연도미상
김성남,김성남,,국무위원회 위원,남성,1953년,평안북도,,연도미상
김성룡,김성룡,,최고인민회의 외교위원회 위원,미상,연도미상,,,연도미상
김성애,김성애,,(사망) 조선사회주의여성동맹 중앙위원회 위원장,여성,1924년 12월 29일,평안남도,(사망),연도미상
김성일,김성일,,당 중앙위원회 위원,남성,연도미상,,,연도미상
김성준,김성준,,국토환경보호성 상,남성,연도미상,,,연도미상
김성혜,김성혜,,당 통일전선부 실장,여성,1965년 07월 17일,평안남도,,연도미상
김성호,김성호,,최고인민회의 외교위원회 위원,미상,연도미상,,,연도미상
김세복,김세복,,당 중앙위원회 부장,미상,연도미상,,,연도미상
김송철,김송철,,,남성,연도미상,,,연도미상
김수길,김수길,,강원도 당위원회 책임비서,남성,1950년 01월 01일,,,연도미상
김수열,김수열,,,남성,1943년 11월 18일,,,연도미상
김승두,김승두,,교육위원회 위원장,남성,1958년 03월 01일,함경남도,,연도미상
김승찬,김승찬,,고등교육성 상,남성,연도미상,,,연도미상
김시학,김시학,,,남성,1932년 08월 22일,평양시,,연도미상
김양건,김양건,,(사망) 당 정치국 위원,남성,1942년 04월 24일,평안남도 안주시,(사망),2015년 12월 29일
김양점,김양점,,,남성,1944년,,,연도미상
김여정,김여정,김여정,국무위원회 위원,여성,1988년,평양시,,연도미상
김영남,김영남,,,남성,1928년 02월 04일,평양시,,연도미상
김영녀,김영녀,,,미상,연도미상,,,연도미상
김영대,김영대,,최고인민회의 제14기 대의원,남성,1937년 12월 12일,함경남도,,연도미상
김영숙,김영숙,,,여성,1942년 08월 28일,평안남도,,연도미상
김영식,김영식,,함경남도 인민위원회 위원장,남성,연도미상,,,연도미상
김영일a,김영일,,조선.일본우호친선협회 고문,남성,1947년 03월 17일,평안북도 정주시,,연도미상
김영일b,김영일,,,남성,1944년 05월 02일,함경남도,,연도미상
김영재,김영재,,최고인민회의 제14기 대의원,남성,1952년 09월 07일,강원도,,연도미상
김영주,김영주,,,남성,1920년,평안남도 대동군,,연도미상
김영철a,김영철,,당 통일전선부 부장,남성,1946년,량강도,,연도미상
김영철b,김영철,,황해남도 인민위원회 위원장,남성,연도미상,,,연도미상
김영춘,김영춘,,(사망) 당 중앙위원회 위원,남성,1936년 03월 04일,량강도 보천군,(사망),연도미상
김영호,김영호,,최고인민회의 제14기 대의원,남성,1952년,함경북도,,연도미상
김영환,김영환,,평양직할시 당위원회 책임비서,남성,연도미상,,,연도미상
김영훈a,김영훈,,,미상,연도미상,,,연도미상
김영훈b,김영훈,,,미상,연도미상,,,연도미상
김완수a,김완수,,최고인민회의 제14기 대의원,남성,1941년 01월 01일,함경북도,,연도미상
김용걸,김용걸,,,미상,연도미상,,,연도미상
김용광,김용광,,,남성,연도미상,,,연도미상
김용선,김용선,,,미상,연도미상,,,연도미상
김용수,김용수,,당 중앙위원회 부장,남성,연도미상,,,연도미상
김용순,김용순,,(사망) 당 비서국 비서,남성,1934년 07월 05일,평안남도 평원군,(사망),2003년 10월 26일
김용연,김용연,김룡연,(사망) 만경대혁명학원 원장,남성,1916년 01월 24일,량강도 혜산시,(사망),2008년 03월 19일
김용주,김용주,,,미상,연도미상,,,연도미상
김용진,김용진,,,남성,1953년 02월 23일,,,연도미상
김용철,김용철,,,남성,연도미상,,,연도미상
김웅철,김웅철,,,미상,연도미상,,,연도미상
김원균,김원균,,(사망) 조선문화예술총동맹 산하기관 기타 조선음악가동맹 위원장,남성,1917년,평안남도,(사망),2002년 04월
김원홍,김원홍,,,남성,1945년,황해북도,,연도미상
김유일,김유일,,전력공업성 상,남성,연도미상,,,연도미상
김윤심,김윤심,,(사망),남성,연도미상,,(사망),연도미상
김윤혁a,김윤혁,,(사망),남성,1926년,평안남도 양덕군,(사망),2006년 04월
김윤혁b,김윤혁,,철도성 부상,남성,1957년,,,연도미상
김의순,김의순,,당 선전선동부 부부장,남성,1945년 08월 15일,,,연도미상
김익현,김익현,,(사망) 당 중앙군사위원회 위원,남성,1916년,황해북도,(사망),2009년 01월 15일
김인식,김인식,,,남성,1948년,,,연도미상
김일,김일,,(사망) 당 정치국 상무위원,남성,1910년 03월 20일,함경북도,(사망),1984년 03월
김일국,김일국,,체육성 상,남성,연도미상,,,연도미상
김일성,김일성,,(사망) 국가 주석,남성,1912년 04월 15일,평안남도 대동군,(사망),1994년 07월 08일
김일철a,김일철,,,남성,1930년,평양시,,연도미상
김일철b,김일철,,,남성,연도미상,,,연도미상
김재룡,김재룡,김재용,당 조직지도부 부장,남성,1959년,,,연도미상
김재성,김재성,,최고인민회의 제14기 대의원,남성,연도미상,,,연도미상
김정각,김정각,,인민군 차수,남성,1941년 07월 20일,평안남도 증산군,,연도미상
김정관,김정관,,국방성 제1부상,남성,연도미상,,,연도미상
김정기,김정기,,,남성,1944년 07월 02일,,,연도미상
김정남,김정남,,기계공업성 상,남성,연도미상,,,연도미상
김정숙,김정숙,,조선대외문화연락위원회 위원장,여성,1931년 01월 01일,평양시,,연도미상
김정순,김정순,,최고인민회의 상임위원회 위원,여성,연도미상,,,연도미상
김정식,김정식,,당 군수공업부 부부장,남성,연도미상,,,연도미상
김정은,김정은,,조선노동당 총비서,남성,1984년 01월 08일,,,연도미상
김정일,김정일,,(사망) 조선노동당 총비서,남성,1942년 02월 16일,북한지역외 소련 하바로프스크,(사망),2011년 12월 17일
김정임,김정임,,당 중앙위원회 위원,여성,1935년,,,연도미상
김정호,김정호,,사회안전성 상,남성,연도미상,,,연도미상
김조국,김조국,,당 조직지도부 제1부부장,남성,연도미상,,,연도미상
김중린,김중린,,(사망) 당 비서국 비서,남성,1923년 12월 07일,자강도 우시군,(사망),2010년 04월 28일
김중협,김중협,,,남성,1938년 01월 01일,함경남도,,연도미상
김지선,김지선,,,미상,연도미상,,,연도미상
김진범,김진범,,조선대외문화연락위원회 부위원장,남성,1945년 03월 25일,함경북도,,연도미상
김창광,김창광,,,미상,연도미상,,,연도미상
김창남,김창남,,예산위원회 위원,미상,연도미상,,,연도미상
김창도,김창도,,조선김일성화김정일화위원회 위원장,미상,연도미상,,,연도미상
김창룡,김창룡,김창용,조선사회과학자협회 부위원장,남성,1944년 01월 01일,,,연도미상
김창민,김창민,,,미상,연도미상,,,연도미상
김창선,김창선,,국무위원회 부장,남성,연도미상,함경북도 명천군,,연도미상
김창섭,김창섭,,(사망) 국가안전보위성 정치국 국장,남성,1946년 01월 02일,평안남도 은산군,(사망),연도미상
김창수,김창수,,,남성,1940년 01월 01일,,,연도미상
김창식,김창식,,,남성,연도미상,,,연도미상
김창엽,김창엽,,최고인민회의 제14기 대의원,남성,연도미상,,,연도미상
김천균,김천균,,최고인민회의 제14기 대의원,남성,1960년 03월 17일,,,연도미상
김천길,김천길,,,미상,연도미상,,,연도미상
김철,김철,,최고인민회의 제14기 대의원,남성,1951년,,,연도미상
김철규,김철규,,호위사령부 부사령관,남성,연도미상,,,연도미상
김철만,김철만,,(사망) 당 중앙위원회 위원,남성,1920년 01월 01일,량강도,(사망),2018년 12월 03일
김철삼,김철삼,,함경북도 당위원회 책임비서,미상,연도미상,,,연도미상
김철수,김철수,,채취공업성 상,미상,연도미상,,,연도미상
김춘섭,김춘섭,,,남성,연도미상,,,연도미상
김충걸,김충걸,,금속공업성 상,남성,연도미상,,,연도미상
김충성,김충성,,국가자원개발성 상,남성,연도미상,,,연도미상
김충일,김충일,,항공 및 반항공군 사령부 사령관,남성,연도미상,,,연도미상
김태봉,김태봉,,,남성,연도미상,,,연도미상
김태종,김태종,,,남성,1947년 12월 12일,,,연도미상
김평일,김평일,,,남성,1954년 08월 10일,평양시,,연도미상
김평해,김평해,,최고인민회의 제14기 대의원,남성,1941년 10월 08일,자강도 전천군,,연도미상
김풍기,김풍기,,,남성,1940년 12월 19일,,,연도미상
김혁철,김혁철,,스페인(에스빠냐) 대사관 대사,미상,연도미상,,,연도미상
김현주,김현주,,,미상,연도미상,,,연도미상
김형룡,김형룡,김형용,인민무력성 부상,남성,연도미상,,,연도미상
김형식a,김형식,,,남성,연도미상,,,연도미상
김형식b,김형식,,법무부 부장,남성,연도미상,,,연도미상
김형준,김형준,,최고인민회의 제14기 대의원,남성,1949년 11월 26일,함경북도,,연도미상
김호철,김호철,,최고인민회의 외교위원회 위원,미상,연도미상,,,연도미상
김희숙,김희숙,,,미상,연도미상,,,연도미상
김희영,김희영,,,남성,연도미상,,,연도미상
김히택,김히택,,,남성,1935년 04월 20일,평안남도,,연도미상
노광철,노광철,,인민군 상장,남성,연도미상,,,연도미상
동정호,동정호,,최고인민회의 제14기 대의원,남성,1956년 01월 01일,남포시,,연도미상
라동희,라동희,나동희,,남성,1935년,,,연도미상
량만길,량만길,양만길,,남성,1941년 04월 16일,평안남도,,연도미상
량원호,량원호,,,남성,연도미상,,,연도미상
량정훈,량정훈,,최고인민회의 제14기 대의원,남성,연도미상,,,연도미상
려춘석,려춘석,여춘석,인민군 대장,남성,1930년 07월,평안북도 정주시,,연도미상
렴철성,렴철성,,인민군 상장,남성,연도미상,,,연도미상
렴철수,렴철수,,최고인민회의 제14기 대의원,남성,연도미상,,,연도미상
로두철,로두철,노두철,최고인민회의 제14기 대의원,남성,1950년 01월 01일,함경남도,,연도미상
로배권,로배권,노배권,,남성,연도미상,,,연도미상
로성실,로성실,노성실,,여성,연도미상,황해북도,,연도미상
류미영,류미영,유미영,(사망) 조선천도교청우당 중앙위원회 위원장,여성,1921년 01월 07일,북한지역외 남한 서울,(사망),2016년 11월 23일
류영선,류영선,유영선,,남성,1941년,함경남도 정평군,,연도미상
류영섭,류영섭,유영섭,,남성,1946년,평안북도,,연도미상
류현식,류현식,유현식,,남성,연도미상,,,연도미상
리강선,리강선,,,여성,연도미상,,,연도미상
리경식,리경식,이경식,,남성,1948년 09월,평안남도,,연도미상
리경철,리경철,이경철,당 중앙검사위원회 위원,미상,연도미상,,,연도미상
리광곤,리광곤,이광곤,,남성,연도미상,,,연도미상
리광근,리광근,이광근,대외경제성 부상,남성,1954년,함경남도,,연도미상
리광철,리광철,,,남성,연도미상,,,연도미상
리광호,리광호,이광호,(사망),남성,1958년 09월 24일,,(사망),2009년 06월 26일
리국철,리국철,,,남성,연도미상,,,연도미상
리근,리근,이근,,남성,1946년 07월 07일,함경남도,,연도미상
리길성,리길성,,외무성 부상,남성,연도미상,,,연도미상
리길송,리길송,이길송,,남성,1923년,함경남도,,연도미상
리길춘,리길춘,이길춘,최고인민회의 제14기 대의원,미상,연도미상,,,연도미상
리동호,리동호,이동호,체육성 부상,남성,1939년 05월 08일,함경남도,,연도미상
리두성,리두성,,당 중앙위원회 부장,남성,연도미상,,,연도미상
리득남,리득남,이득남,,남성,연도미상,,,연도미상
리룡남,리룡남,이룡남,중국 대사관 대사,남성,1960년 08월 08일,평양시,,연도미상
리룡하,리룡하,이룡하,(사망) 당 중앙위원회 제1부부장,미상,연도미상,함경북도,(사망),2013년 11월
리만건,리만건,이만건,당 중앙위원회 제1부부장,남성,1945년 01월 01일,평안남도,,연도미상
리명길,리명길,이명길,조선.캄보디아친선협회(캄보쟈) 위원장,남성,1963년 01월 01일,,,연도미상
리명산,리명산,이명산,대외경제성 부상,남성,연도미상,자강도,,연도미상
리명수,리명수,이명수,최고사령부 제1부사령관,남성,1934년 02월 20일,함경북도 명천군,,연도미상
리무영,리무영,이무영,,남성,1948년 04월 08일,남포시,,연도미상
리병삼,리병삼,이병삼,,남성,1943년,평안남도,,연도미상
리병철,리병철,이병철,당 정치국 상무위원,남성,1948년,,,연도미상
리봉죽,리봉죽,이봉죽,인민군 중장,남성,1940년 01월 01일,,,연도미상
리상관,리상관,이상관,,남성,연도미상,,,연도미상
리상원,리상원,이상원,최고인민회의 제14기 대의원,남성,1951년,,,연도미상
리선권,리선권,,외무성 상,남성,연도미상,,,연도미상
리설주,리설주,이설주,,여성,1989년,,,연도미상
리성국a,리성국,,(사망),남성,연도미상,,(사망),연도미상
리성국b,리성국,,양강도 인민위원회 위원장,남성,연도미상,,,연도미상
리성학,리성학,,내각 부총리,남성,연도미상,,,연도미상
리성호,리성호,이성호,,남성,1963년 06월 21일,량강도,,연도미상
리수용,리수용,이수용,최고인민회의 제14기 대의원,남성,1935년,함경남도,,연도미상
리승호,리승호,이승호,(사망) 중앙통계국 국장,남성,연도미상,,(사망),2014년 08월 10일
리영길,리영길,이영길,국무위원회 위원,남성,1955년,,,연도미상
리영래,리영래,리영래,최고인민회의 제14기 대의원,남성,연도미상,,,연도미상
리영수,리영수,이영수,,남성,1949년,량강도,,연도미상
리영용,리영용,이영용,,남성,1955년 02월 25일,,,연도미상
리영익,리영익,,,미상,연도미상,,,연도미상
리영호,리영호,이영호,,남성,1942년 10월 05일,강원도 통천군,,연도미상
리용무,리용무,이용무,(사망),남성,1925년 01월 25일,평안남도 평성시,(사망),2022년 01월 27일
리용선,리용선,이용선,,남성,1953년 09월 13일,,,연도미상
리용주,리용주,이용주,인민군 대장,남성,연도미상,,,연도미상
리용철a,리용철,이용철,(사망),남성,1929년 03월 24일,,(사망),2010년 04월
리용철b,리용철,이용철,최고인민회의 제12기 대의원,남성,1967년,평양시 보통강구역,,연도미상
리용호,리용호,이용호,최고인민회의 제14기 대의원,남성,1956년 07월 10일,평양시,,연도미상
리원일,리원일,이원일,,남성,1952년,,,연도미상
리을설,리을설,이을설,(사망) 인민군 공화국 원수,남성,1921년,함경북도 청진시,(사망),2015년 11월 07일
리일환,리일환,이일환,당 비서국 비서,남성,1960년,평양시,,연도미상
리자방,리자방,이자방,,남성,연도미상,,,연도미상
리재남,리재남,,예산위원회 위원,남성,연도미상,,,연도미상
리재일,리재일,이재일,(사망) 당 선전선동부 고문,남성,1934년,평양시,(사망),2021년 02월 04일
리정남,리정남,,함경남도 당위원회 책임비서,남성,연도미상,,,연도미상
리제강,리제강,이제강,(사망) 최고인민회의 제12기 대의원,남성,1930년,,(사망),2010년 06월 02일
리제선,리제선,이제선,,남성,1941년,함경북도,,연도미상
리종국,리종국,이종국,당 중앙위원회 후보위원,남성,1954년,강원도,,연도미상
리종무,리종무,이종무,당 중앙위원회 후보위원,남성,1949년 02월 16일,,,연도미상
리종산,리종산,이종산,(사망) 인민군 차수,남성,1922년,북한지역외 중국,(사망),2011년 07월
리종식,리종식,,,미상,연도미상,,,연도미상
리종옥,리종옥,이종옥,(사망) 최고인민회의 상임위원회 명예부위원장,남성,1916년 01월 10일,함경북도 김책시,(사망),1999년 09월 23일
리종혁,리종혁,이종혁,조국통일연구원 원장,남성,1936년 10월 30일,강원도,,연도미상
리주오,리주오,이주오,당 중앙위원회 위원,남성,1956년,,,연도미상
리찬복,리찬복,이찬복,,남성,1935년,,,연도미상
리철만,리철만,이철만,농업부 부장,남성,1968년,,,연도미상
리철산,리철산,,중앙통계국 국장,남성,연도미상,,,연도미상
리철진,리철진,,,남성,연도미상,,,연도미상
리춘삼,리춘삼,,,남성,1955년 10월 20일,,,연도미상
리충길,리충길,,당 중앙위원회 위원,미상,연도미상,,,연도미상
리태남,리태남,이태남,(사망),남성,1938년 03월 26일,평안북도 염주군,(사망),연도미상
리태섭,리태섭,,당 정치국 후보위원,남성,연도미상,,,연도미상
리태일,리태일,,양강도 당위원회 책임비서,남성,연도미상,,,연도미상
리태철,리태철,이태철,사회안전성 제1부상,남성,1947년,,,연도미상
리택건,리택건,,당 통일전선부 부부장,남성,1962년,,,연도미상
리하일,리하일,이하일,인민군 차수,남성,1935년,량강도,,연도미상
리학철,리학철,이학철,,남성,연도미상,,,연도미상
리혁권,리혁권,,국가건설감독성 상,남성,연도미상,,,연도미상
리현,리현,,당 통일전선부 실장,남성,1966년 08월 09일,,,연도미상
리형근,리형근,,당 중앙위원회 후보위원,남성,연도미상,,,연도미상
리혜정,리혜정,,사회과학원 원장,여성,연도미상,,,연도미상
리호림,리호림,,당 정치국 후보위원,미상,연도미상,,,연도미상
리히용,리히용,,당 중앙검사위원회 부위원장,남성,연도미상,,,연도미상
림경만,림경만,임경만,당 중앙위원회 위원,남성,1946년 08월 28일,평안남도,,연도미상
림광일,림광일,,인민군 총참모부 총참모장,남성,1965년,,,연도미상
림남수,림남수,임남수,,미상,연도미상,,,연도미상
림동옥,림동옥,임동옥,(사망) 당 통일전선부 부장,남성,1936년,평안북도,(사망),2006년 08월 20일
림상종,림상종,임상종,(사망) 당 38호실 실장,남성,1927년 09월 01일,,(사망),2007년 10월
림준길,림준길,임준길,,미상,연도미상,,,연도미상
마원춘,마원춘,,국무위원회 설계국 국장,남성,1956년 06월 30일,,,연도미상
마종선,마종선,,화학공업성 상,남성,연도미상,,,연도미상
맹경일,맹경일,,최고인민회의 상임위원회 위원,남성,1963년 04월 21일,,,연도미상
문경덕,문경덕,,평안북도 당위원회 위원장,남성,1957년 10월 12일,평양시,,연도미상
문명학,문명학,,최고인민회의 제14기 대의원,남성,연도미상,,,연도미상
문응조,문응조,,수매양정성 상,남성,1949년 10월 21일,평안남도,,연도미상
문재덕,문재덕,,,남성,1945년 07월 04일,함경남도,,연도미상
문재철,문재철,,외교단사업총국 부총국장,남성,1946년 03월 24일,강원도,,연도미상
문철,문철,,최고인민회의 상임위원회 위원,남성,연도미상,,,연도미상
박경삼,박경삼,,,남성,연도미상,,,연도미상
박경선,박경선,,,남성,1942년 09월 29일,함경북도,,연도미상
박경철,박경철,,,남성,1959년 01월 01일,강원도,,연도미상
박관오,박관오,,,남성,1932년,,,연도미상
박광식,박광식,,당 중앙검사위원회 위원,미상,연도미상,,,연도미상
박광웅,박광웅,,당 중앙검사위원회 위원,미상,연도미상,,,연도미상
박광호,박광호,,최고인민회의 제14기 대의원,남성,연도미상,,,연도미상
박금희,박금희,,최고인민회의 부의장,미상,연도미상,,,연도미상
박기서,박기서,,(사망) 당 중앙군사위원회 위원,남성,1929년,,(사망),2010년 01월 05일
박길연,박길연,,,남성,1943년 01월 26일,자강도,,연도미상
박도춘,박도춘,,인민군 대장,남성,1944년 03월 09일,자강도 낭림군,,연도미상
박림수,박림수,,인민군판문점대표부 대표,남성,1950년 11월 08일,,,연도미상
박만호,박만호,,당 중앙위원회 후보위원,남성,연도미상,,,연도미상
박명국,박명국,,외무성 부상,남성,1956년 06월 01일,평안북도,,연도미상
박명선,박명선,,당 중앙위원회 후보위원,여성,1943년 06월 15일,평양시,,연도미상
박명순,박명순,,당 경공업부 부장,여성,연도미상,,,연도미상
박명철a,박명철,,조국통일민주주의전선 의장,남성,1941년 09월 15일,평양시,,연도미상
박명철b,박명철,,민족경제협력위원회 부위원장,남성,연도미상,,,연도미상
박봉주,박봉주,,최고인민회의 제14기 대의원,남성,1939년 04월 10일,함경북도 김책시,,연도미상
박성철a,박성철,,(사망) 최고인민회의 상임위원회 명예부위원장,남성,1913년 09월 02일,북한지역외 남한 경북 경주,(사망),2009년 10월 29일
박성철b,박성철,,당 중앙위원회 위원,남성,연도미상,,,연도미상
박송남,박송남,,,남성,연도미상,,,연도미상
박송봉,박송봉,,(사망) 당 군수공업부 제1부부장,남성,1932년,북한지역외 중국 연길,(사망),2001년 02월
박수길,박수길,,,남성,1947년,평안남도,,연도미상
박수일,박수일,,1군단 군단장,남성,연도미상,,,연도미상
박순희,박순희,,,여성,1955년 12월 24일,,,연도미상
박승원,박승원,,인민군 상장,남성,1946년 11월,,,연도미상
박영식,박영식,,인민군 대장,남성,연도미상,,,연도미상
박영호,박영호,,최고인민회의 제14기 대의원,남성,연도미상,,,연도미상
박용석,박용석,,(사망) 당 검열위원회 위원장,남성,1928년,함경북도,(사망),2007년 03월
박용일,박용일,,조선사회민주당 중앙위원회 위원장,남성,1966년,,,연도미상
박용팔,박용팔,,,남성,1968년,,,연도미상
박의춘,박의춘,,,남성,1935년 01월 01일,함경남도,,연도미상
박인철,박인철,,최고인민회의 상임위원회 위원,남성,연도미상,,,연도미상
박재경,박재경,,조선반제노병위원회 부위원장,남성,1933년 06월 10일,함경북도,,연도미상
박정근,박정근,,당 정치국 위원,남성,연도미상,,,연도미상
박정남,박정남,,최고인민회의 제14기 대의원,남성,연도미상,,,연도미상
박정순,박정순,,(사망) 당 조직지도부 제1부부장,남성,1928년 07월 01일,평안남도 평원군,(사망),2011년 01월 22일
박정천,박정천,,당 정치국 상무위원,남성,연도미상,,,연도미상
박지민,박지민,,예산위원회 위원,미상,연도미상,,,연도미상
박진식,박진식,,평양출판사 사장,남성,1948년 01월 01일,함경남도,,연도미상
박창호,박창호,,황해북도 당위원회 책임비서,남성,연도미상,,,연도미상
박철민,박철민,,최고인민회의 부의장,남성,연도미상,,,연도미상
박춘남,박춘남,,최고인민회의 제14기 대의원,남성,연도미상,,,연도미상
박태덕,박태덕,,당 규율조사부 부장,남성,1955년,,,연도미상
박태성,박태성,,당 비서국 비서,남성,1955년 09월 14일,,,연도미상
박태원,박태원,,,남성,연도미상,,,연도미상
박태화,박태화,,(사망) 조선불교도연맹 위원장,남성,1919년 10월 15일,함경북도,(사망),2005년 11월
박혁철,박혁철,,상업성 상,남성,연도미상,,,연도미상
박형렬,박형렬,,예산위원회 위원,남성,연도미상,,,연도미상
박호영,박호영,,국토환경보호성 1부상,남성,1953년,평양시,,연도미상
박훈,박훈,박훈,내각 부총리,남성,연도미상,,,연도미상
방강수,방강수,,민족경제협력위원회 위원장,남성,1958년 09월 24일,평양시,,연도미상
배달준,배달준,,,남성,1936년,,,연도미상
백계룡,백계룡,백계용,,남성,1948년 01월 01일,,,연도미상
백남순,백남순,,(사망) 외무성 상,남성,1929년 03월 13일,량강도,(사망),2007년 01월 03일
백룡천,백룡천,백룡천,,남성,1962년,평양시,,연도미상
백세봉,백세봉,,,남성,1938년,,,2013년 10월
백용호,백용호,,조선적십자회 중앙위원회 집행부위원장,남성,1947년,함경남도,,연도미상
백인준,백인준,,(사망) 조국통일범민족연합북측본부 의장,남성,1920년 10월 20일,평안북도 운산군,(사망),1999년 01월 20일
백학림,백학림,,(사망) 당 중앙군사위원회 위원,남성,1918년 10월,평안남도 평원군,(사망),2006년 10월 05일
변영립,변영립,,(사망) 최고인민회의 상임위원회 서기장,남성,1929년,,(사망),연도미상
변인선,변인선,,,남성,1946년,,,연도미상
서종진,서종진,,건설건재공업성 상,남성,연도미상,,,연도미상
서창룡,서창룡,,,남성,연도미상,,,연도미상
서호원,서호원,,외교위원회 위원,남성,연도미상,,,연도미상
서홍찬,서홍찬,,국방성 부상,남성,연도미상,,,연도미상
성자립,성자립,,인민대학습당 부총장,남성,1948년 10월 11일,,,연도미상
손광호,손광호,,체육성 부상,남성,1960년 10월 24일,,,연도미상
손영훈,손영훈,,,남성,연도미상,,,연도미상
손철주,손철주,,최고인민회의 제14기 대의원,남성,연도미상,,,연도미상
송승철,송승철,,남포특별시 인민위원회 위원장,남성,연도미상,,,연도미상
송일호,송일호,,외무성 대사,남성,1954년 04월 04일,평양시,,연도미상
송춘섭,송춘섭,,수산성 상,남성,연도미상,,,연도미상
송호경,송호경,,(사망) 조선아시아태평양평화위원회 부위원장,남성,1940년 02월 03일,평안남도,(사망),2004년 09월 19일
승정규,승정규,,문화성 상,남성,연도미상,,,연도미상
신룡만,신룡만,,당 중앙위원회 위원,남성,연도미상,,,연도미상
신만균,신만균,,,남성,연도미상,,,연도미상
신병철,신병철,,조선사회민주당 중앙위원회 부위원장,남성,1946년 01월 01일,황해남도,,연도미상
신선호,신선호,,,남성,1948년 07월 05일,황해남도,,연도미상
신영철,신영철,,나선특별시 당위원회 위원장,남성,1959년,,,연도미상
신창일,신창일,,나선특별시 인민위원회 위원장,남성,연도미상,,,연도미상
심국룡,심국룡,,,남성,연도미상,,,연도미상
심상진,심상진,,,남성,1944년 11월 05일,량강도,,연도미상
심영학,심영학,,,미상,연도미상,,,연도미상
심철호,심철호,,,남성,1960년,,,연도미상
안경호,안경호,,(사망) 당 통일전선부 부부장,남성,1930년 01월 18일,강원도,(사망),연도미상
안극태,안극태,,,남성,1935년,,,연도미상
안금철,안금철,,법제위원회 위원,남성,연도미상,,,연도미상
안동춘,안동춘,,최고인민회의 제14기 대의원,남성,1945년,,,연도미상
안정수,안정수,,당 중앙위원회 위원,남성,1948년 01월 01일,,,연도미상
안지용,안지용,,최고인민회의 제14기 대의원,남성,연도미상,,,연도미상
양승호,양승호,,내각 부총리,남성,연도미상,,,연도미상
양형섭,양형섭,,최고인민회의 제14기 대의원,남성,1925년 10월 01일,함경남도,,연도미상
엄정철,엄정철,,,미상,연도미상,,,연도미상
여원구,여원구,려원구,(사망) 조국통일민주주의전선 공동의장,여성,1928년 11월 05일,북한지역외 남한 서울 종로,(사망),2009년 07월 30일
연형묵,연형묵,,(사망) 국무위원회 부위원장,남성,1931년 11월 03일,함경북도 경원군(새별군),(사망),2005년 10월 22일
오경룡,오경룡,,개성시 인민위원회 위원장,남성,연도미상,,,연도미상
오경석,오경석,,최고인민회의 제14기 대의원,남성,연도미상,,,연도미상
오극렬,오극렬,,인민군 대장,남성,1930년 01월 07일,함경북도 온성군,,연도미상
오금철,오금철,,인민군 총참모부 부총참모장,남성,1947년 02월 24일,평양시,,연도미상
오동일,오동일,,당 중앙검사위원회 위원,남성,연도미상,,,연도미상
오수용,오수용,오수용,당 비서국 경제비서,남성,1947년,,,연도미상
오응창,오응창,,,남성,연도미상,,,연도미상
오일정,오일정,,당 군정지도부 부장,남성,1954년,평양시,,연도미상
오진우,오진우,,(사망) 인민무력부 부장,남성,1917년 03월 09일,함경남도 북청군,(사망),1995년 02월 25일
오춘복,오춘복,,보건성 상,여성,연도미상,,,연도미상
왕창욱,왕창욱,,원자력공업성 상,남성,연도미상,,,연도미상
우동측,우동측,,,남성,1942년 08월 08일,,,연도미상
우상철,우상철,,당 정치국 후보위원,남성,연도미상,,,연도미상
원길우,원길우,,체육성 부상,남성,1962년 04월 07일,,,연도미상
원도희,원도희,,,남성,1949년 01월 01일,량강도,,연도미상
원동연,원동연,,당 통일전선부 부부장,남성,1947년,함경북도,,연도미상
원응희,원응희,,(사망) 보위사령부 보위사령관,남성,1939년,,(사망),2004년 05월 15일
위성일,위성일,,당 중앙위원회 위원,남성,연도미상,,,연도미상
유진,유진,유진,당 군수공업부 부장,남성,연도미상,,,연도미상
유철우,유철우,,,남성,연도미상,,,연도미상
윤기정,윤기정,,(사망),여성,1928년 12월 15일,북한지역외 남한 서울,(사망),2010년 08월 13일
윤동현,윤동현,,인민무력성 부상,남성,연도미상,,,연도미상
윤영식,윤영식,,인민군 중장,남성,연도미상,,,연도미상
윤정린,윤정린,,인민군 대장,남성,1938년,,,연도미상
윤정호,윤정호,,대외경제성 상,남성,연도미상,,,연도미상
이동석,이동석,,,남성,연도미상,,,연도미상
임경재,임경재,,도시경영성 상,남성,연도미상,,,연도미상
임철웅,임철웅,,최고인민회의 제14기 대의원,남성,1961년 10월 27일,,,연도미상
임출웅,임출웅,,,남성,연도미상,,,연도미상
임훈,임훈,,황해북도 인민위원회 위원장,미상,연도미상,,,연도미상
자성남,자성남,,,남성,1954년 03월 28일,,,연도미상
장경일,장경일,,경공업성 상,남성,연도미상,,,연도미상
장광봉,장광봉,,당 중앙검사위원회 위원,남성,연도미상,,,연도미상
장금철,장금철,,당 중앙위원회 위원,남성,연도미상,,,연도미상
장기호,장기호,,당 중앙검사위원회 위원,남성,연도미상,,,연도미상
장길룡,장길룡,,최고인민회의 제14기 대의원,남성,연도미상,,,연도미상
장길성,장길성,,인민군 상장,남성,연도미상,,,연도미상
장병규,장병규,,,남성,1920년,,,연도미상
장성길,장성길,,(사망) 인민군 중장,남성,1939년 01월 13일,평양시,(사망),2006년 07월
장성우,장성우,,(사망) 인민군 차수,남성,1933년 04월 07일,강원도,(사망),2009년 08월
장성택,장성택,,(사망) 국무위원회 부위원장,남성,1946년 01월 22일,함경북도 청진시,(사망),2013년 12월 12일
장세철,장세철,,최고인민회의 법제위원회 위원,남성,연도미상,,,연도미상
장영록,장영록,,개성시 당위원회 책임비서,남성,연도미상,,,연도미상
장웅,장웅,,조선올림픽위원회 부위원장,남성,1938년 07월 05일,평양시,,연도미상
장윤곤,장윤곤,,캄보디아(캄보쟈) 대사관 대사,남성,1956년 12월 10일,평양시 동대원구역,,연도미상
장재언,장재언,,조국통일범민족연합북측본부 부의장,남성,1942년 01월 01일,함경북도,,연도미상
장정남,장정남,,국무위원회 위원,남성,연도미상,,,연도미상
장정애,장정애,,,남성,연도미상,,,연도미상
장정주,장정주,,,남성,연도미상,,,연도미상
장준상,장준상,,당 중앙위원회 후보위원,남성,연도미상,,,연도미상
장창하,장창하,,국방과학원 원장,남성,연도미상,,,연도미상
장철,장철,,최고인민회의 제14기 대의원,남성,1955년,평양시,,연도미상
장춘성,장춘성,,철도성 상,남성,연도미상,,,연도미상
장춘실,장춘실,,최고인민회의 제14기 대의원,여성,연도미상,,,연도미상
장혁,장혁,,최고인민회의 제14기 대의원,남성,1966년 07월 25일,,,연도미상
장혜명,장혜명,,조선문화예술총동맹 산하기관 조선작가동맹 중앙위원회 부위원장,남성,1958년,량강도,,연도미상
전경남,전경남,,,남성,1954년,,,연도미상
전광호,전광호,,최고인민회의 제14기 대의원,남성,연도미상,,,연도미상
전길수,전길수,,,남성,1959년 01월 01일,,,연도미상
전병호,전병호,,(사망) 인민군 대장,남성,1926년 03월 20일,,(사망),2014년 07월 07일
전승훈,전승훈,,,남성,1951년 10월 27일,황해남도,,연도미상
전영진,전영진,,,남성,1937년 02월 11일,함경남도,,연도미상
전용남,전용남,,조선반도의 평화와 자주통일을 위한 북.남.해외 제 정당.단체.개별인사들의 연석회의 북측준비위원회 부위원장,남성,연도미상,,,연도미상
전일춘,전일춘,,,남성,1941년,함경북도,,연도미상
전일호,전일호,,당 중앙위원회 전문부서 부부장,남성,연도미상,,,연도미상
전종수,전종수,,조국평화통일위원회 부위원장,남성,1963년 09월 20일,평양시,,연도미상
전창복,전창복,,인민군 상장,남성,연도미상,,,연도미상
전태수,전태수,,당 중앙검사위원회 위원,남성,연도미상,,,연도미상
전하철,전하철,,사회과학원 소장,남성,1928년 04월 22일,량강도 김형직군,,연도미상
전학철,전학철,,석탄공업성 상,남성,연도미상,,,연도미상
전현철,전현철,,내각 부총리,남성,연도미상,,,연도미상
전희정,전희정,,,남성,1930년 03월 05일,강원도,,연도미상
정경일,정경일,,,미상,연도미상,,,연도미상
정경택,정경택,,국가보위성 상,남성,연도미상,,,연도미상
정덕기,정덕기,,민족화해협의회 부회장,남성,1947년 05월 15일,,,연도미상
정명도,정명도,,인민군 대장,남성,연도미상,,,연도미상
정명학,정명학,,최고인민회의 제12기 대의원,남성,연도미상,,,연도미상
정봉석,정봉석,,,미상,연도미상,,,연도미상
정상학,정상학,,당 중앙검사위원회 위원장,남성,연도미상,,,연도미상
정승일,정승일,정승일,당 군수공업부 부부장,남성,연도미상,,,연도미상
정연과,정연과,,,남성,연도미상,,,연도미상
정영국,정영국,,최고인민회의 제14기 대의원,남성,연도미상,,,연도미상
정영수,정영수,,,남성,1950년 01월 01일,강원도,,연도미상
정영원,정영원,,,남성,연도미상,,,연도미상
정인철,정인철,,당 중앙검사위원회 위원,남성,연도미상,,,연도미상
정태양,정태양,,,남성,1954년 11월 02일,평양시,,연도미상
정호균,정호균,,,남성,연도미상,,,연도미상
조경철,조경철,,인민군 보위국장,남성,연도미상,,,연도미상
조남진,조남진,,인민군 상장,남성,연도미상,,,연도미상
조명록,조명록,,(사망) 인민군 총정치국 국장,남성,1928년 07월 12일,함경북도 연사군,(사망),2010년 11월 06일
조병주,조병주,,,남성,1942년 12월 01일,,,연도미상
조석호,조석호,,,미상,연도미상,,,연도미상
조연준,조연준,,당 중앙위원회 위원,남성,1937년 09월 28일,함경남도,,연도미상
조영철,조영철,,당 중앙위원회 위원,남성,1962년,함경남도,,연도미상
조용원,조용원,,국무위원회 위원,남성,1957년,,,연도미상
조정호,조정호,,최고인민회의 제14기 대의원,남성,1959년 03월 10일,함경북도,,연도미상
조춘룡,조춘룡,,,남성,연도미상,,,연도미상
조현주,조현주,,조국평화통일위원회 서기국 부장,남성,1967년 01월 01일,평양시,,연도미상
조혜숙,조혜숙,,최고인민회의 제12기 대의원,여성,연도미상,,,연도미상
주규창,주규창,,(사망) 당 중앙위원회 후보위원,남성,1928년 11월 25일,함경남도 함주군,(사망),2018년 09월 03일
주동찬,주동찬,,민족경제협력위원회 부위원장,남성,1952년 01월 01일,평양시,,연도미상
주상성,주상성,,,남성,1933년 08월 01일,강원도 문천시,,연도미상
주영길,주영길,,최고인민회의 제14기 대의원,남성,1959년,평양시,,연도미상
주영식,주영식,,최고인민회의 제14기 대의원,남성,1942년 10월 20일,평안남도,,연도미상
주용일,주용일,,체신성 상,남성,연도미상,,,연도미상
주진구,주진구,,민족화해협의회 부회장,남성,1943년 01월 01일,함경남도,,연도미상
주창일,주창일,,당 중앙위원회 부장,남성,연도미상,,,연도미상
주철규,주철규,,농업성 상,남성,연도미상,,,연도미상
지재룡,지재룡,지재용,최고인민회의 제14기 대의원,남성,1942년 05월 10일,함경남도,,연도미상
진금송,진금송,,노동성 상,남성,연도미상,,,연도미상
차명남,차명남,,중앙재판소 소장,남성,연도미상,,,연도미상
차선모,차선모,,육해운성 참모장,남성,1950년,황해북도,,연도미상
차승수,차승수,,조선기자동맹 중앙위원회 위원장,남성,1939년 01월 01일,자강도 화평군,,연도미상
차희림,차희림,,최고인민회의 제14기 대의원,남성,1953년,,,연도미상
채성학,채성학,,,남성,연도미상,,,연도미상
채일룡,채일룡,,강원도 인민위원회 위원장,미상,연도미상,,,연도미상
채희정,채희정,,(사망) 당 문서정리실 실장,남성,1924년,함경남도,(사망),2014년 02월
최강,최강,,,남성,연도미상,,,연도미상
최강일,최강일,,오스트리아(오지리) 대사관 대사,남성,연도미상,,,연도미상
최경성,최경성,,인민군 상장,남성,1945년,,,연도미상
최경철,최경철,,보건성 상,남성,연도미상,,,연도미상
최광,최광,,(사망) 인민무력부 부장,남성,1918년 07월,함경북도,(사망),1997년 02월 21일
최광래,최광래,,,남성,1944년,평양시,,연도미상
최광진,최광진,,,남성,연도미상,,,연도미상
최권수,최권수,,,남성,연도미상,,,연도미상
최기룡,최기룡,최기용,,남성,연도미상,,,연도미상
최동명,최동명,,당 중앙위원회 위원,미상,연도미상,,,연도미상
최룡해,최룡해,최용해,최고인민회의 상임위원회 위원장,남성,1950년 01월 15일,황해남도 신천군,,연도미상
최명철,최명철,,,미상,연도미상,,,연도미상
최배진,최배진,,,남성,1956년 01월 01일,평양시,,연도미상
최부일,최부일,,최고인민회의 제14기 대의원,남성,1944년 03월 06일,함경북도 회령시,,연도미상
최상건,최상건,,조선과학기술총연맹 중앙위원회 위원장,남성,1953년 04월 28일,함경남도,,연도미상
최상려,최상려,,,남성,연도미상,,,연도미상
최선희,최선희,,당 중앙위원회 후보위원,여성,1964년 08월 10일,평양시,,연도미상
최성근,최성근,,,미상,연도미상,,,연도미상
최성익,최성익,,조선적십자회 중앙위원회 부위원장,남성,1938년 09월 21일,황해남도,,연도미상
최수헌,최수헌,,,남성,1939년 10월 07일,,,연도미상
최승호,최승호,,,미상,연도미상,,,연도미상
최영건,최영건,,,남성,1951년 12월 11일,강원도 천내군,,연도미상
최영림,최영림,,,남성,1930년 11월 20일,함경북도 경흥군(은덕군),,연도미상
최영일,최영일,,예산위원회 위원,남성,연도미상,,,연도미상
최영호a,최영호,,인민군 상장,남성,연도미상,,,연도미상
최영호b,최영호,최영호,최고인민회의 제14기 대의원,남성,연도미상,,,연도미상
최익규,최익규,,,남성,1933년 02월 26일,함경북도 화대군,,연도미상
최인덕,최인덕,,(사망) 김일성군사종합대학 총장,남성,1920년,,(사망),2003년 08월 31일
최일룡,최일룡,최일용,,남성,연도미상,,,연도미상
최정룡,최정룡,최정용,,남성,연도미상,,,연도미상
최종건,최종건,,,남성,1950년 01월 01일,,,연도미상
최진수,최진수,,조국통일범민족연합북측본부 의장,남성,1941년 06월 04일,황해남도,,연도미상
최창식,최창식,,조선반핵평화위원회 조선반핵평화의사협회 위원장,남성,1940년 04월 11일,평안북도,,연도미상
최춘식,최춘식,,인민군 중장,남성,1954년 10월 12일,,,연도미상
최칠남,최칠남,,,남성,1929년 07월 19일,,,연도미상
최태복,최태복,,,남성,1930년 12월 01일,남포시,,연도미상
최휘,최휘,최휘,당 중앙위원회 부장,남성,1955년,,,연도미상
최희정,최희정,,,남성,1946년 10월 22일,,,연도미상
최희태,최희태,,평양직할시 인민위원회 위원장,남성,연도미상,,,연도미상
태종수,태종수,,최고인민회의 제14기 대의원,남성,1936년 03월 20일,함경북도 명간군(화성군),,연도미상
태형철,태형철,,당 비서국 비서,남성,1953년,평양시,,연도미상
포희성,포희성,,,미상,연도미상,,,연도미상
한광복,한광복,,,여성,1946년 03월 18일,함경북도,,연도미상
한광상,한광상,,,남성,1957년,함경남도,,연도미상
한동근,한동근,,,남성,1933년 06월 01일,,,연도미상
한룡국,한룡국,,임업성 상,남성,연도미상,,,연도미상
한상준,한상준,,최고인민회의 제14기 대의원,남성,연도미상,,,연도미상
한성렬,한성렬,,,남성,1954년 06월 17일,평안북도 대관군,,연도미상
한성룡,한성룡,한성용,(사망) 당 비서국 비서,남성,1923년,함경북도 명천군,(사망),연도미상
한종혁,한종혁,,조선농업근로자동맹 중앙위원회 위원장,남성,연도미상,,,연도미상
한호성,한호성,,,남성,연도미상,,,연도미상
한효연,한효연,,,남성,연도미상,,,연도미상
한흥표,한흥표,,,남성,1948년,,,연도미상
허광욱,허광욱,,,미상,연도미상,,,연도미상
허영률,허영률,,,남성,연도미상,,,연도미상
허종,허종,,,남성,1946년 03월 06일,,,연도미상
허종호,허종호,,최고인민회의 제14기 대의원,미상,연도미상,,,연도미상
허철만,허철만,,당 간부부 부장,남성,연도미상,,,연도미상
허택,허택,,전력공업성 부상,남성,연도미상,,,연도미상
현상주,현상주,,,남성,1940년,,,연도미상
현송월,현송월,,당 중앙위원회 부부장,여성,연도미상,,,연도미상
현영철,현영철,,(사망),남성,1949년 01월 11일,함경북도 어랑군,(사망),연도미상
현철해,현철해,,인민군 공화국 원수,남성,1934년 08월 13일,함경북도 경성군,,연도미상
홍광순,홍광순,,국가영화위원회 위원장,남성,1953년,,,연도미상
홍서헌,홍서헌,,김책공업종합대학 총장,남성,1945년 12월 31일,평안남도,,연도미상
홍석형,홍석형,,,남성,1936년 10월 01일,,,연도미상
홍선옥,홍선옥,,조선사회주의여성동맹 중앙위원회 부위원장,여성,1950년 03월 28일,평안북도,,연도미상
홍성남,홍성남,,(사망) 함경남도 당위원회 책임비서,남성,1929년 10월 02일,평안북도 정주시,(사망),2009년 03월 31일
홍승무,홍승무,,당 군수공업부 제1부부장,남성,연도미상,,,연도미상
홍영칠,홍영칠,,당 군수공업부 부부장,남성,연도미상,,,연도미상
홍인범,홍인범,,,남성,1937년,,,연도미상
홍일천,홍일천,,,여성,1942년,,,연도미상
황민,황민,,최고인민회의 제14기 대의원,남성,연도미상,,,연도미상
황병서,황병서,,인민군 차수,남성,1949년,,,연도미상
황봉영,황봉영,,조선올림픽위원회 부위원장,남성,1944년 08월 15일,,,연도미상
황순희,황순희,,(사망) 조선혁명박물관 관장,여성,1919년 05월 03일,북한지역외 중국,(사망),2020년 01월 17일
황철식,황철식,,,미상,연도미상,,,연도미상
황학원,황학원,,,남성,1941년 01월 01일,,,연도미상
